customer,fixtureCode,offsetMs,durationMs,viewMs,dwellMs
cust-2026-07-28-105,GB-R4-U6,1997,35800,35800,35800
cust-2026-07-28-105,GB-R4-U3,38798,42600,42600,42600
cust-2026-07-28-105,GF-R5-U3,86922,81600,81600,81600
cust-2026-07-28-105,GB-R5-U2,169523,85200,85200,85200
cust-2026-07-28-105,PE-02,255724,89400,89400,89400
cust-2026-07-28-150,GB-R6-U3,0,41600,41600,41600
cust-2026-07-28-150,GF-R6-U5,42601,67600,67600,67600
cust-2026-07-28-100,PW-01,277,81400,81400,81400
cust-2026-07-28-100,GF-R6-U4,82678,63200,63200,63200
cust-2026-07-28-158,FB-01,296194,35800,35800,35800
cust-2026-07-28-158,FB-01,332995,39400,39400,39400
cust-2026-07-28-158,GB-R4-U4,2944,52000,52000,52000
cust-2026-07-28-158,GF-R4-U2,55945,52800,52800,52800
cust-2026-07-28-158,GB-R1-U6,109746,71000,71000,71000
cust-2026-07-28-158,FB-01,373396,55400,55400,55400
cust-2026-07-28-158,PE-06,181747,63600,63600,63600
cust-2026-07-28-158,GB-R1-U1,246348,45600,45600,45600
cust-2026-07-28-119,GF-R4-U1,4944,57600,57600,57600
cust-2026-07-28-119,PW-01,63545,63000,63000,63000
cust-2026-07-28-109,GF-R5-U5,5055,79200,79200,79200
cust-2026-07-28-109,GB-R3-U4,85256,61200,61200,61200
cust-2026-07-28-109,GB-R2-U1,147457,33800,33800,33800
cust-2026-07-28-109,GB-R2-U6,182258,77200,77200,77200
cust-2026-07-28-109,GF-R4-U7,260459,83400,83400,83400
cust-2026-07-28-115,GF-R3-U4,66926,80800,80800,80800
cust-2026-07-28-115,GB-R3-U5,11725,54200,54200,54200
cust-2026-07-28-115,GB-R3-U4,148727,37600,37600,37600
cust-2026-07-28-115,GB-R1-U2,191241,68200,68200,68200
cust-2026-07-28-135,GF-R6-U7,18388,36800,36800,36800
cust-2026-07-28-136,PE-02,215381,38200,38200,38200
cust-2026-07-28-136,PW-03,21777,30000,30000,30000
cust-2026-07-28-136,GF-R4-U5,52778,52000,52000,52000
cust-2026-07-28-136,GB-R4-U3,105779,73000,73000,73000
cust-2026-07-28-136,PW-05,179780,34600,34600,34600
cust-2026-07-28-136,PE-02,254582,46200,46200,46200
cust-2026-07-28-103,GB-R5-U6,30000,60200,60200,60200
cust-2026-07-28-103,GB-R6-U4,91201,59000,59000,59000
cust-2026-07-28-113,GF-R6-U1,30111,56600,56600,56600
cust-2026-07-28-113,PE-01,87712,77800,77800,77800
cust-2026-07-28-130,GB-R1-U5,32444,34400,34400,34400
cust-2026-07-28-130,GPS-03,78156,35000,35000,35000
cust-2026-07-28-130,GPS-06,114157,60200,60200,60200
cust-2026-07-28-149,CO-02,92945,35800,35800,35800
cust-2026-07-28-149,CO-01,35944,56000,56000,56000
cust-2026-07-28-149,CO-02,129746,70400,70400,70400
cust-2026-07-28-149,GF-R6-U1,201147,30200,30200,30200
cust-2026-07-28-149,GF-R2-U6,232348,88400,88400,88400
cust-2026-07-28-149,GF-R3-U6,356150,34800,34800,34800
cust-2026-07-28-149,PW-05,321749,33400,33400,33400
cust-2026-07-28-149,GF-R3-U2,391951,65600,65600,65600
cust-2026-07-28-124,PW-01,41833,62400,62400,62400
cust-2026-07-28-124,GF-R6-U1,105234,60800,60800,60800
cust-2026-07-28-143,GF-R3-U3,253225,85600,85600,85600
cust-2026-07-28-143,GF-R4-U4,43222,64800,64800,64800
cust-2026-07-28-143,ACC-01,109023,68200,68200,68200
cust-2026-07-28-143,GF-R3-U7,178224,74000,74000,74000
cust-2026-07-28-143,GF-R3-U3,339826,38000,38000,38000
cust-2026-07-28-143,GB-R5-U6,378827,88400,88400,88400
cust-2026-07-28-143,GF-R5-U1,468228,33600,33600,33600
cust-2026-07-28-143,GF-R5-U7,502829,43000,43000,43000
cust-2026-07-28-146,GF-R4-U4,46555,39600,39600,39600
cust-2026-07-28-146,GB-R6-U3,87156,77200,77200,77200
cust-2026-07-28-146,GF-R6-U7,165357,85600,85600,85600
cust-2026-07-28-156,GF-R6-U5,48000,50400,50400,50400
cust-2026-07-28-99,PE-02,54189,73600,73600,73600
cust-2026-07-28-99,GF-R5-U4,128790,52200,52200,52200
cust-2026-07-28-99,GB-R5-U3,181991,73600,73600,73600
cust-2026-07-28-99,GF-R3-U6,285705,36000,36000,36000
cust-2026-07-28-99,GB-R3-U7,322706,69800,69800,69800
cust-2026-07-28-155,GB-R4-U5,86965,55400,55400,55400
cust-2026-07-28-155,FB-01,143366,64000,64000,64000
cust-2026-07-28-155,PW-01,208367,66000,66000,66000
cust-2026-07-28-155,GF-R6-U1,348569,80600,80600,80600
cust-2026-07-28-155,GF-R6-U6,275368,72200,72200,72200
cust-2026-07-28-162,GF-R4-U7,457453,53400,53400,53400
cust-2026-07-28-162,GF-R3-U7,164046,76600,76600,76600
cust-2026-07-28-162,GF-R4-U7,511854,63200,63200,63200
cust-2026-07-28-162,GF-R3-U4,56444,52000,52000,52000
cust-2026-07-28-162,GF-R3-U1,109445,53600,53600,53600
cust-2026-07-28-162,GB-R4-U7,576055,50200,50200,50200
cust-2026-07-28-162,GB-R5-U6,241647,71600,71600,71600
cust-2026-07-28-162,GB-R5-U2,314248,46800,46800,46800
cust-2026-07-28-162,PW-02,362049,86400,86400,86400
cust-2026-07-28-94,GF-R6-U5,59722,78800,78800,78800
cust-2026-07-28-137,ACC-02,296158,39800,39800,39800
cust-2026-07-28-137,GB-R4-U1,65555,66600,66600,66600
cust-2026-07-28-137,GB-R4-U6,133156,80200,80200,80200
cust-2026-07-28-137,GF-R2-U6,214357,80800,80800,80800
cust-2026-07-28-137,ACC-03,336959,30000,30000,30000
cust-2026-07-28-117,GF-R5-U5,157146,55600,55600,55600
cust-2026-07-28-117,GF-R1-U7,62944,48600,48600,48600
cust-2026-07-28-117,GB-R1-U2,112545,43600,43600,43600
cust-2026-07-28-117,GB-R5-U5,213747,61200,61200,61200
cust-2026-07-28-117,PW-04,275948,37800,37800,37800
cust-2026-07-28-117,GF-R3-U2,314749,78200,78200,78200
cust-2026-07-28-117,GB-R3-U5,393950,40000,40000,40000
cust-2026-07-28-141,PW-01,63555,46600,46600,46600
cust-2026-07-28-139,PW-02,73623,51000,51000,51000
cust-2026-07-28-139,GB-R5-U7,125624,71800,71800,71800
cust-2026-07-28-139,ACC-01,198425,64200,64200,64200
cust-2026-07-28-139,ACC-03,263626,20200,20200,20200
cust-2026-07-28-144,GF-R1-U1,66444,59000,59000,59000
cust-2026-07-28-144,GF-R2-U5,459650,47600,47600,47600
cust-2026-07-28-144,GF-R1-U1,126445,53600,53600,53600
cust-2026-07-28-144,PW-03,181046,77000,77000,77000
cust-2026-07-28-144,GF-R4-U4,259047,73600,73600,73600
cust-2026-07-28-144,GF-R4-U2,333648,78600,78600,78600
cust-2026-07-28-144,GB-R3-U7,413249,45400,45400,45400
cust-2026-07-28-144,GB-R2-U5,598052,46000,46000,46000
cust-2026-07-28-144,GF-R2-U4,508251,88800,88800,88800
cust-2026-07-28-151,GB-R1-U1,68000,82600,82600,82600
cust-2026-07-28-151,PE-05,151601,63000,63000,63000
cust-2026-07-28-151,GF-R6-U7,215602,78200,78200,78200
cust-2026-07-28-151,GB-R6-U4,294803,32600,32600,32600
cust-2026-07-28-161,GF-R5-U2,73777,74400,74400,74400
cust-2026-07-28-161,GB-R1-U1,157266,44600,44600,44600
cust-2026-07-28-161,GB-R1-U5,202867,67600,67600,67600
cust-2026-07-28-122,PW-01,74222,60600,60600,60600
cust-2026-07-28-122,GF-R6-U1,135823,88000,88000,88000
cust-2026-07-28-118,GF-R4-U4,202804,76400,76400,76400
cust-2026-07-28-118,GB-R3-U4,132602,33400,33400,33400
cust-2026-07-28-118,GB-R3-U6,80401,51200,51200,51200
cust-2026-07-28-118,GB-R6-U2,167003,34800,34800,34800
cust-2026-07-28-118,GB-R4-U4,280205,75000,75000,75000
cust-2026-07-28-118,GB-R4-U3,356206,66000,66000,66000
cust-2026-07-28-159,GF-R4-U1,78944,59400,59400,59400
cust-2026-07-28-159,GB-R4-U5,139345,60800,60800,60800
cust-2026-07-28-159,GF-R5-U4,201146,86600,86600,86600
cust-2026-07-28-159,PE-02,288747,81000,81000,81000
cust-2026-07-28-159,PW-02,370748,30600,30600,30600
cust-2026-07-28-159,PI-01,414697,31600,31600,31600
cust-2026-07-28-152,GF-R3-U2,79277,57200,57200,57200
cust-2026-07-28-152,GF-R6-U2,137478,33000,33000,33000
cust-2026-07-28-152,GB-R2-U6,171479,51000,51000,51000
cust-2026-07-28-148,GPS-01,225488,39600,39600,39600
cust-2026-07-28-148,GF-R2-U2,80555,49800,49800,49800
cust-2026-07-28-148,PE-03,136087,88400,88400,88400
cust-2026-07-28-148,GPS-03,266089,42600,42600,42600
cust-2026-07-28-148,GPS-02,309690,52600,52600,52600
cust-2026-07-28-127,GB-R1-U4,202046,40600,40600,40600
cust-2026-07-28-127,GF-R4-U6,82444,41000,41000,41000
cust-2026-07-28-127,GB-R4-U4,124445,76600,76600,76600
cust-2026-07-28-127,GB-R2-U6,245818,42400,42400,42400
cust-2026-07-28-127,GB-R2-U4,289219,62400,62400,62400
cust-2026-07-28-127,GB-R2-U7,352620,59800,59800,59800
cust-2026-07-28-154,PE-02,86833,84400,84400,84400
cust-2026-07-28-154,GB-R2-U7,172234,55000,55000,55000
cust-2026-07-28-154,GF-R2-U6,228235,79600,79600,79600
cust-2026-07-28-154,GF-R2-U5,308836,60200,60200,60200
cust-2026-07-28-154,GF-R6-U3,370037,46000,46000,46000
cust-2026-07-28-154,GB-R6-U1,417038,50600,50600,50600
cust-2026-07-28-154,GF-R6-U1,468639,49400,49400,49400
cust-2026-07-28-107,GB-R4-U1,89055,73400,73400,73400
cust-2026-07-28-107,GB-R4-U7,163456,73000,73000,73000
cust-2026-07-28-107,GF-R2-U6,241100,80400,80400,80400
cust-2026-07-28-107,GF-R2-U1,322501,74000,74000,74000
cust-2026-07-28-107,GB-R2-U5,397502,49400,49400,49400
cust-2026-07-28-107,GB-R5-U1,447903,73200,73200,73200
cust-2026-07-28-107,GF-R5-U3,522104,83400,83400,83400
cust-2026-07-28-132,GF-R6-U1,96111,56400,56400,56400
cust-2026-07-28-132,GB-R6-U4,153512,60400,60400,60400
cust-2026-07-28-128,GB-R6-U3,105988,77600,77600,77600
cust-2026-07-28-128,GF-R5-U3,184589,62600,62600,62600
cust-2026-07-28-128,GF-R5-U4,248190,40400,40400,40400
cust-2026-07-28-128,GB-R5-U1,289591,61800,61800,61800
cust-2026-07-28-128,PW-05,352392,66600,66600,66600
cust-2026-07-28-160,GB-R3-U4,101000,53200,53200,53200
cust-2026-07-28-160,GB-R6-U5,155201,39600,39600,39600
cust-2026-07-28-160,GB-R6-U6,195802,64200,64200,64200
cust-2026-07-28-160,GB-R6-U4,261003,57400,57400,57400
cust-2026-07-28-160,GB-R1-U4,319404,65000,65000,65000
cust-2026-07-28-160,GB-R1-U3,385405,53600,53600,53600
cust-2026-07-28-160,GPS-03,440006,63000,63000,63000
cust-2026-07-28-131,GF-R4-U6,109222,62600,62600,62600
cust-2026-07-28-131,PW-04,172823,89800,89800,89800
cust-2026-07-28-131,GF-R3-U1,263624,59800,59800,59800
cust-2026-07-28-131,GF-R6-U5,324425,63200,63200,63200
cust-2026-07-28-131,GB-R1-U6,388626,88400,88400,88400
cust-2026-07-28-131,GB-R1-U5,478027,84800,84800,84800
cust-2026-07-28-112,GB-R4-U6,109666,59600,59600,59600
cust-2026-07-28-112,GPS-01,170267,61000,61000,61000
cust-2026-07-28-112,GPS-06,232268,58800,58800,58800
cust-2026-07-28-112,GPS-05,292069,31200,31200,31200
cust-2026-07-28-112,GF-R1-U5,328416,36200,36200,36200
cust-2026-07-28-163,GF-R6-U1,112777,89400,89400,89400
cust-2026-07-28-163,GF-R6-U5,203178,50000,50000,50000
cust-2026-07-28-125,GB-R3-U4,113666,49600,49600,49600
cust-2026-07-28-125,GF-R6-U4,164267,37000,37000,37000
cust-2026-07-28-125,GF-R6-U1,202268,63400,63400,63400
cust-2026-07-28-134,GB-R6-U4,113722,59000,59000,59000
cust-2026-07-28-153,GB-R1-U1,120000,67200,67200,67200
cust-2026-07-28-153,GB-R1-U4,188201,88200,88200,88200
cust-2026-07-28-153,GB-R6-U3,281892,37600,37600,37600
cust-2026-07-28-153,GF-R6-U2,320493,86800,86800,86800
cust-2026-07-28-153,GF-R6-U7,408294,37400,37400,37400
cust-2026-07-28-153,GB-R3-U6,446695,38200,38200,38200
cust-2026-07-28-116,GB-R3-U1,120611,32000,32000,32000
cust-2026-07-28-116,GF-R6-U5,153612,34000,34000,34000
cust-2026-07-28-116,PE-01,188613,57600,57600,57600
cust-2026-07-28-114,GF-R1-U2,124277,36200,36200,36200
cust-2026-07-28-114,GB-R2-U2,411710,46200,46200,46200
cust-2026-07-28-114,GB-R1-U4,161478,34800,34800,34800
cust-2026-07-28-114,GB-R3-U1,197279,55000,55000,55000
cust-2026-07-28-114,GF-R2-U4,256308,76400,76400,76400
cust-2026-07-28-114,GB-R2-U7,333709,77000,77000,77000
cust-2026-07-28-120,FB-01,132388,36200,36200,36200
cust-2026-07-28-120,GB-R3-U2,169589,43000,43000,43000
cust-2026-07-28-120,GF-R3-U4,213590,62600,62600,62600
cust-2026-07-28-120,GB-R6-U6,277191,37600,37600,37600
cust-2026-07-28-120,GB-R4-U7,315792,60800,60800,60800
cust-2026-07-28-120,PE-03,377593,70400,70400,70400
cust-2026-07-28-97,GB-R5-U6,181611,36800,36800,36800
cust-2026-07-28-140,GB-R4-U4,164605,31800,31800,31800
cust-2026-07-28-140,GB-R3-U6,197406,76200,76200,76200
cust-2026-07-28-101,GF-R1-U2,149724,30000,30000,30000
cust-2026-07-28-101,GF-R1-U2,180725,86200,86200,86200
cust-2026-07-28-101,GF-R4-U6,267926,81400,81400,81400
cust-2026-07-28-101,GF-R4-U1,350327,74800,74800,74800
cust-2026-07-28-101,GPS-02,426128,61800,61800,61800
cust-2026-07-28-126,GB-R6-U1,145111,69800,69800,69800
cust-2026-07-28-126,GB-R3-U2,215912,69400,69400,69400
cust-2026-07-28-111,GB-R1-U2,146944,66800,66800,66800
cust-2026-07-28-111,GF-R6-U4,214745,86000,86000,86000
cust-2026-07-28-111,GB-R6-U7,301746,78200,78200,78200
cust-2026-07-28-111,GB-R3-U2,410832,33200,33200,33200
cust-2026-07-28-111,GB-R3-U7,445033,73000,73000,73000
cust-2026-07-28-145,GB-R3-U6,147611,73200,73200,73200
cust-2026-07-28-145,GB-R2-U6,428013,53400,53400,53400
cust-2026-07-28-145,GPS-05,221812,80800,80800,80800
cust-2026-07-28-145,GPS-06,303613,52200,52200,52200
cust-2026-07-28-145,PW-05,360812,66200,66200,66200
cust-2026-07-28-145,GF-R2-U1,482414,35800,35800,35800
cust-2026-07-28-147,RR-02,155444,30600,30600,30600
cust-2026-07-28-147,PI-03,187045,47400,47400,47400
cust-2026-07-28-147,GF-R1-U3,235446,33400,33400,33400
cust-2026-07-28-147,GB-R1-U2,269847,86600,86600,86600
cust-2026-07-28-147,GPS-04,357448,73400,73400,73400
cust-2026-07-28-147,GB-R6-U1,431849,67400,67400,67400
cust-2026-07-28-138,GB-R3-U6,368793,48600,48600,48600
cust-2026-07-28-138,GPS-06,155722,61200,61200,61200
cust-2026-07-28-138,GPS-04,217923,69400,69400,69400
cust-2026-07-28-138,GB-R5-U2,292392,75400,75400,75400
cust-2026-07-28-138,GF-R3-U6,418394,41000,41000,41000
cust-2026-07-28-106,GF-R2-U3,156000,76400,76400,76400
cust-2026-07-28-106,GB-R2-U2,233401,63600,63600,63600
cust-2026-07-28-106,GB-R2-U1,298002,77600,77600,77600
cust-2026-07-28-106,ACC-02,376603,50400,50400,50400
cust-2026-07-28-106,ACC-01,428004,12600,12600,12600
cust-2026-07-28-106,PE-06,441605,79200,79200,79200
cust-2026-07-28-106,GB-R1-U6,521806,85400,85400,85400
cust-2026-07-28-106,PE-02,608207,65600,65600,65600
cust-2026-07-28-133,GF-R4-U6,158055,52600,52600,52600
cust-2026-07-28-133,GB-R3-U1,211656,31200,31200,31200
cust-2026-07-28-133,GF-R3-U3,243857,66400,66400,66400
cust-2026-07-28-133,GB-R5-U1,323635,59800,59800,59800
cust-2026-07-28-133,GB-R5-U7,384436,42600,42600,42600
cust-2026-07-28-104,CO-03,159111,50800,50800,50800
cust-2026-07-28-104,CO-02,210912,46000,46000,46000
cust-2026-07-28-104,CO-IR,257913,83400,83400,83400
cust-2026-07-28-104,GB-R1-U3,349795,59400,59400,59400
cust-2026-07-28-104,GF-R1-U6,410196,60600,60600,60600
cust-2026-07-28-98,GB-R1-U7,257264,81400,81400,81400
cust-2026-07-28-98,GF-R1-U2,168663,87600,87600,87600
cust-2026-07-28-98,GF-R2-U2,453067,57200,57200,57200
cust-2026-07-28-98,GB-R1-U4,339665,72200,72200,72200
cust-2026-07-28-98,PW-05,412866,39200,39200,39200
cust-2026-07-28-98,GB-R2-U7,511268,46000,46000,46000
cust-2026-07-28-98,GB-R6-U4,558269,59400,59400,59400
cust-2026-07-28-98,PE-01,618670,78600,78600,78600
cust-2026-07-28-123,GF-R6-U3,161222,88200,88200,88200
cust-2026-07-28-123,GF-R6-U4,250423,45800,45800,45800
cust-2026-07-28-123,GB-R5-U3,297224,35400,35400,35400
cust-2026-07-28-123,GB-R5-U4,333625,78400,78400,78400
cust-2026-07-28-123,PE-02,413026,31000,31000,31000
cust-2026-07-28-123,GB-R1-U4,447886,43000,43000,43000
cust-2026-07-28-123,GB-R1-U3,491887,74600,74600,74600
cust-2026-07-28-123,GB-R1-U1,567488,79200,79200,79200
cust-2026-07-28-96,GF-R6-U2,165888,69600,69600,69600
cust-2026-07-28-96,GF-R6-U3,236489,54800,54800,54800
cust-2026-07-28-95,PW-06,199093,74800,74800,74800
cust-2026-07-28-95,GB-R6-U5,274894,38400,38400,38400
cust-2026-07-28-95,GF-R6-U6,314295,58200,58200,58200
cust-2026-07-28-108,GB-R2-U1,199998,56800,56800,56800
cust-2026-07-28-108,GPS-01,567404,64600,64600,64600
cust-2026-07-28-108,GB-R2-U2,257799,81800,81800,81800
cust-2026-07-28-108,PW-05,340600,78400,78400,78400
cust-2026-07-28-108,PI-01,420001,48600,48600,48600
cust-2026-07-28-108,PI-03,469602,33000,33000,33000
cust-2026-07-28-108,GPS-05,503603,62800,62800,62800
cust-2026-07-28-108,GPS-03,633005,66400,66400,66400
cust-2026-07-28-129,GB-R2-U6,184910,49200,49200,49200
cust-2026-07-28-129,PE-05,235111,70200,70200,70200
cust-2026-07-28-129,GF-R3-U3,306312,32400,32400,32400
cust-2026-07-28-102,GF-R4-U4,179888,43000,43000,43000
cust-2026-07-28-102,PW-01,223889,86600,86600,86600
cust-2026-07-28-102,GF-R6-U7,311490,69600,69600,69600
cust-2026-07-28-142,GB-R2-U3,181111,72800,72800,72800
cust-2026-07-28-142,GB-R2-U2,254912,76600,76600,76600
cust-2026-07-28-142,PE-05,332513,62400,62400,62400
cust-2026-07-28-142,GF-R1-U4,395914,55000,55000,55000
cust-2026-07-28-142,GB-R4-U2,451915,56000,56000,56000
cust-2026-07-28-142,GB-R4-U6,508916,33800,33800,33800
cust-2026-07-28-142,GB-R4-U3,543717,44800,44800,44800
cust-2026-07-28-142,GF-R3-U7,589518,58800,58800,58800
cust-2026-07-28-183,PI-01,193333,81400,81400,81400
cust-2026-07-28-183,PI-03,275734,15400,15400,15400
cust-2026-07-28-183,GF-R6-U2,292135,50000,50000,50000
cust-2026-07-28-183,GB-R3-U5,343136,85000,85000,85000
cust-2026-07-28-183,GB-R3-U4,429137,35600,35600,35600
cust-2026-07-28-183,GF-R3-U1,465738,58400,58400,58400
cust-2026-07-28-183,PE-02,525139,30000,30000,30000
cust-2026-07-28-192,GB-R1-U4,202379,71000,71000,71000
cust-2026-07-28-192,GB-R4-U3,274380,51600,51600,51600
cust-2026-07-28-192,GB-R4-U7,326981,48400,48400,48400
cust-2026-07-28-192,GF-R4-U5,376382,43000,43000,43000
cust-2026-07-28-192,GF-R6-U1,420383,64000,64000,64000
cust-2026-07-28-192,GB-R6-U4,485384,88000,88000,88000
cust-2026-07-28-232,GB-R6-U3,194277,49600,49600,49600
cust-2026-07-28-232,GF-R6-U1,244878,56200,56200,56200
cust-2026-07-28-194,GF-R6-U1,196222,84200,84200,84200
cust-2026-07-28-194,GF-R6-U1,281423,71800,71800,71800
cust-2026-07-28-194,GB-R6-U2,354224,30400,30400,30400
cust-2026-07-28-194,FB-01,385625,59000,59000,59000
cust-2026-07-28-194,GB-R2-U7,448188,31000,31000,31000
cust-2026-07-28-194,PE-05,480189,33400,33400,33400
cust-2026-07-28-198,GB-R5-U7,198444,51600,51600,51600
cust-2026-07-28-198,PE-01,251045,53400,53400,53400
cust-2026-07-28-198,GF-R6-U6,305446,31200,31200,31200
cust-2026-07-28-198,GB-R6-U2,337647,88400,88400,88400
cust-2026-07-28-198,GF-R1-U6,427048,63200,63200,63200
cust-2026-07-28-198,PW-05,491249,82800,82800,82800
cust-2026-07-28-175,GF-R6-U2,312935,40800,40800,40800
cust-2026-07-28-175,PI-03,202333,65800,65800,65800
cust-2026-07-28-175,GB-R6-U3,269134,42800,42800,42800
cust-2026-07-28-175,GB-R6-U2,354736,81800,81800,81800
cust-2026-07-28-175,PE-03,451804,73400,73400,73400
cust-2026-07-28-175,GF-R4-U3,526205,67400,67400,67400
cust-2026-07-28-263,FB-01,203444,84200,84200,84200
cust-2026-07-28-263,FB-01,288645,71000,71000,71000
cust-2026-07-28-263,GB-R2-U1,508827,72000,72000,72000
cust-2026-07-28-263,FB-01,360646,74800,74800,74800
cust-2026-07-28-263,GF-R2-U4,438826,69000,69000,69000
cust-2026-07-28-263,GF-R2-U1,581828,54400,54400,54400
cust-2026-07-28-235,GB-R2-U2,206166,39800,39800,39800
cust-2026-07-28-235,GB-R2-U4,246967,74600,74600,74600
cust-2026-07-28-235,GF-R2-U3,322568,33000,33000,33000
cust-2026-07-28-235,GF-R5-U2,356569,38200,38200,38200
cust-2026-07-28-235,GA-01,395770,74600,74600,74600
cust-2026-07-28-179,GF-R4-U6,209055,59200,59200,59200
cust-2026-07-28-179,PE-03,269256,35600,35600,35600
cust-2026-07-28-179,GB-R4-U4,305857,76200,76200,76200
cust-2026-07-28-179,GB-R6-U2,383058,55800,55800,55800
cust-2026-07-28-179,GB-R5-U2,439859,56800,56800,56800
cust-2026-07-28-179,GF-R2-U2,497660,32800,32800,32800
cust-2026-07-28-233,GB-R6-U7,213333,77800,77800,77800
cust-2026-07-28-233,GF-R6-U1,292134,42000,42000,42000
cust-2026-07-28-243,GF-R6-U1,218555,81400,81400,81400
cust-2026-07-28-243,PE-01,300956,54000,54000,54000
cust-2026-07-28-186,PW-01,221166,88800,88800,88800
cust-2026-07-28-252,PE-01,383320,46800,46800,46800
cust-2026-07-28-252,FB-01,500722,39200,39200,39200
cust-2026-07-28-252,FB-01,540923,86400,86400,86400
cust-2026-07-28-252,GF-R1-U3,223555,71600,71600,71600
cust-2026-07-28-252,GF-R6-U2,299519,82800,82800,82800
cust-2026-07-28-252,PE-01,431121,68600,68600,68600
cust-2026-07-28-252,FB-01,628324,84800,84800,84800
cust-2026-07-28-178,GF-R3-U4,229388,76600,76600,76600
cust-2026-07-28-176,PW-05,586833,39400,39400,39400
cust-2026-07-28-176,GB-R1-U6,235826,57600,57600,57600
cust-2026-07-28-176,GF-R1-U1,294427,41800,41800,41800
cust-2026-07-28-176,GB-R1-U3,337228,31800,31800,31800
cust-2026-07-28-176,PW-01,370029,62800,62800,62800
cust-2026-07-28-176,GF-R6-U1,478631,64400,64400,64400
cust-2026-07-28-176,GF-R6-U4,433830,43800,43800,43800
cust-2026-07-28-176,GB-R2-U7,544032,41800,41800,41800
cust-2026-07-28-176,PW-05,627234,33600,33600,33600
cust-2026-07-28-259,GB-R6-U2,231944,63000,63000,63000
cust-2026-07-28-259,GF-R6-U7,295945,47200,47200,47200
cust-2026-07-28-259,GF-R6-U5,344146,61200,61200,61200
cust-2026-07-28-259,PE-03,406347,47400,47400,47400
cust-2026-07-28-259,PW-03,454748,51400,51400,51400
cust-2026-07-28-259,GB-R4-U5,507149,52000,52000,52000
cust-2026-07-28-259,FB-01,560150,88600,88600,88600
cust-2026-07-28-259,GB-R5-U7,649751,86800,86800,86800
cust-2026-07-28-207,GB-R6-U5,232166,62800,62800,62800
cust-2026-07-28-207,GF-R6-U3,295967,58200,58200,58200
cust-2026-07-28-210,FB-01,447834,76200,76200,76200
cust-2026-07-28-210,FB-01,525035,63200,63200,63200
cust-2026-07-28-210,GB-R3-U4,232333,80000,80000,80000
cust-2026-07-28-210,PW-04,313334,85200,85200,85200
cust-2026-07-28-210,GF-R2-U3,399535,41000,41000,41000
cust-2026-07-28-210,FB-01,589236,61200,61200,61200
cust-2026-07-28-261,PI-03,232388,56400,56400,56400
cust-2026-07-28-213,GB-R6-U2,242472,72000,72000,72000
cust-2026-07-28-213,GB-R6-U6,315473,79600,79600,79600
cust-2026-07-28-224,GF-R6-U1,236555,80400,80400,80400
cust-2026-07-28-224,GB-R6-U5,317956,68000,68000,68000
cust-2026-07-28-224,GF-R6-U4,386957,62200,62200,62200
cust-2026-07-28-251,PW-06,238000,61400,61400,61400
cust-2026-07-28-251,GB-R1-U1,300401,75400,75400,75400
cust-2026-07-28-251,GB-R1-U2,376802,71200,71200,71200
cust-2026-07-28-251,RR-02,449003,66600,66600,66600
cust-2026-07-28-251,GF-R4-U1,516604,47200,47200,47200
cust-2026-07-28-251,GF-R5-U4,564805,58800,58800,58800
cust-2026-07-28-199,GF-R6-U7,288878,62400,62400,62400
cust-2026-07-28-199,GPS-04,414680,32800,32800,32800
cust-2026-07-28-199,GB-R2-U6,670684,53800,53800,53800
cust-2026-07-28-199,GB-R6-U5,238277,49600,49600,49600
cust-2026-07-28-199,GB-R6-U7,352279,61400,61400,61400
cust-2026-07-28-199,GPS-02,448481,84800,84800,84800
cust-2026-07-28-199,GPS-06,534282,85600,85600,85600
cust-2026-07-28-199,PE-05,620883,48800,48800,48800
cust-2026-07-28-199,GB-R2-U6,725485,66400,66400,66400
cust-2026-07-28-193,GPS-01,327523,54200,54200,54200
cust-2026-07-28-193,GB-R3-U1,562927,82000,82000,82000
cust-2026-07-28-193,GB-R2-U2,238722,87800,87800,87800
cust-2026-07-28-193,GPS-01,435925,36200,36200,36200
cust-2026-07-28-193,GPS-04,382724,52200,52200,52200
cust-2026-07-28-193,GB-R3-U5,473126,88800,88800,88800
cust-2026-07-28-193,PW-04,645928,30200,30200,30200
cust-2026-07-28-193,GB-R4-U1,677129,88400,88400,88400
cust-2026-07-28-202,PE-06,307923,46400,46400,46400
cust-2026-07-28-202,GF-R1-U3,239722,67200,67200,67200
cust-2026-07-28-202,GF-R2-U3,409525,37400,37400,37400
cust-2026-07-28-202,PE-06,355324,53200,53200,53200
cust-2026-07-28-202,GF-R4-U3,454430,48600,48600,48600
cust-2026-07-28-202,GF-R4-U5,504031,83400,83400,83400
cust-2026-07-28-202,PW-03,588432,88200,88200,88200
cust-2026-07-28-234,GF-R3-U4,241222,72200,72200,72200
cust-2026-07-28-234,GB-R6-U3,319666,38000,38000,38000
cust-2026-07-28-234,GB-R6-U4,358667,67400,67400,67400
cust-2026-07-28-234,GB-R4-U7,427068,30600,30600,30600
cust-2026-07-28-234,GF-R4-U1,458669,73200,73200,73200
cust-2026-07-28-247,PW-01,244055,60000,60000,60000
cust-2026-07-28-256,GF-R6-U1,248277,30000,30000,30000
cust-2026-07-28-256,GB-R2-U3,279278,36600,36600,36600
cust-2026-07-28-173,GB-R6-U6,565816,75800,75800,75800
cust-2026-07-28-173,GB-R3-U6,249611,87600,87600,87600
cust-2026-07-28-173,PW-06,338212,40400,40400,40400
cust-2026-07-28-173,GB-R1-U1,379613,81000,81000,81000
cust-2026-07-28-173,GF-R1-U5,461614,48000,48000,48000
cust-2026-07-28-173,GF-R6-U5,510615,54200,54200,54200
cust-2026-07-28-173,GF-R5-U6,731019,32800,32800,32800
cust-2026-07-28-173,GB-R6-U2,642617,34600,34600,34600
cust-2026-07-28-173,GF-R5-U1,678218,51800,51800,51800
cust-2026-07-28-220,GB-R2-U3,282330,85200,85200,85200
cust-2026-07-28-220,GF-R2-U4,368531,41600,41600,41600
cust-2026-07-28-220,GF-R2-U1,411132,34400,34400,34400
cust-2026-07-28-191,GPS-05,250611,64400,64400,64400
cust-2026-07-28-191,GB-R4-U7,351869,47000,47000,47000
cust-2026-07-28-240,GF-R1-U2,405114,66400,66400,66400
cust-2026-07-28-240,GB-R2-U3,683319,66800,66800,66800
cust-2026-07-28-240,GF-R4-U5,254111,77200,77200,77200
cust-2026-07-28-240,GF-R4-U6,332312,40000,40000,40000
cust-2026-07-28-240,GF-R1-U7,373313,30800,30800,30800
cust-2026-07-28-240,GF-R1-U2,472515,44200,44200,44200
cust-2026-07-28-240,GF-R2-U2,592718,89600,89600,89600
cust-2026-07-28-240,PI-03,517716,59200,59200,59200
cust-2026-07-28-240,RR-02,577917,13800,13800,13800
cust-2026-07-28-240,GB-R2-U3,751120,68000,68000,68000
cust-2026-07-28-171,GF-R6-U2,254500,86200,86200,86200
cust-2026-07-28-171,GB-R6-U6,341701,33200,33200,33200
cust-2026-07-28-171,GB-R5-U3,433078,45400,45400,45400
cust-2026-07-28-171,GB-R5-U7,479479,74000,74000,74000
cust-2026-07-28-197,GB-R5-U1,336045,40600,40600,40600
cust-2026-07-28-197,GF-R4-U1,462847,36000,36000,36000
cust-2026-07-28-197,GF-R1-U3,607250,47600,47600,47600
cust-2026-07-28-197,PW-04,255444,79600,79600,79600
cust-2026-07-28-197,GF-R4-U3,377646,84200,84200,84200
cust-2026-07-28-197,PW-03,499848,31000,31000,31000
cust-2026-07-28-197,PW-06,531849,74400,74400,74400
cust-2026-07-28-197,GF-R1-U3,655851,43400,43400,43400
cust-2026-07-28-174,GB-R2-U2,256111,39200,39200,39200
cust-2026-07-28-174,GF-R2-U2,296312,30000,30000,30000
cust-2026-07-28-174,GF-R2-U6,327313,52800,52800,52800
cust-2026-07-28-174,PW-02,381114,65400,65400,65400
cust-2026-07-28-174,GB-R5-U2,447515,38200,38200,38200
cust-2026-07-28-174,GF-R6-U1,493451,55000,55000,55000
cust-2026-07-28-174,GF-R6-U2,549452,45600,45600,45600
cust-2026-07-28-253,GF-R2-U2,257888,84400,84400,84400
cust-2026-07-28-231,GF-R6-U1,259388,86000,86000,86000
cust-2026-07-28-231,PW-01,346389,56600,56600,56600
cust-2026-07-28-223,FB-01,260722,38200,38200,38200
cust-2026-07-28-223,GF-R6-U5,299923,64600,64600,64600
cust-2026-07-28-223,GB-R6-U7,365524,73200,73200,73200
cust-2026-07-28-223,PE-06,439725,64600,64600,64600
cust-2026-07-28-223,GF-R1-U3,505326,68800,68800,68800
cust-2026-07-28-223,GB-R1-U7,575127,55600,55600,55600
cust-2026-07-28-236,GB-R5-U3,264777,75000,75000,75000
cust-2026-07-28-236,GB-R3-U1,340778,83400,83400,83400
cust-2026-07-28-236,GF-R6-U4,425179,59000,59000,59000
cust-2026-07-28-164,GF-R6-U3,265444,68600,68600,68600
cust-2026-07-28-164,PW-01,335045,72000,72000,72000
cust-2026-07-28-164,GB-R6-U6,408046,59400,59400,59400
cust-2026-07-28-190,GF-R6-U5,363202,59000,59000,59000
cust-2026-07-28-190,GF-R6-U5,482604,65000,65000,65000
cust-2026-07-28-190,GF-R5-U5,548605,56200,56200,56200
cust-2026-07-28-190,GF-R2-U7,266000,59800,59800,59800
cust-2026-07-28-190,GB-R2-U3,326801,35400,35400,35400
cust-2026-07-28-190,GB-R6-U4,423203,58400,58400,58400
cust-2026-07-28-190,GB-R5-U5,605806,78000,78000,78000
cust-2026-07-28-190,GB-R5-U6,684807,86400,86400,86400
cust-2026-07-28-190,PE-06,772208,89600,89600,89600
cust-2026-07-28-190,GF-R1-U7,862809,39800,39800,39800
cust-2026-07-28-190,GF-R1-U5,903610,72000,72000,72000
cust-2026-07-28-203,GF-R3-U2,279396,77400,77400,77400
cust-2026-07-28-203,GB-R3-U1,357797,74400,74400,74400
cust-2026-07-28-203,GF-R5-U1,433198,65400,65400,65400
cust-2026-07-28-203,GB-R5-U5,499599,89800,89800,89800
cust-2026-07-28-203,GF-R5-U2,590400,32200,32200,32200
cust-2026-07-28-241,GB-R5-U4,271555,62200,62200,62200
cust-2026-07-28-241,GB-R4-U4,683865,89800,89800,89800
cust-2026-07-28-241,PW-02,334756,39400,39400,39400
cust-2026-07-28-241,GB-R5-U5,375157,62200,62200,62200
cust-2026-07-28-241,PW-06,438358,72200,72200,72200
cust-2026-07-28-241,GB-R1-U7,511559,41400,41400,41400
cust-2026-07-28-241,GB-R1-U5,553960,56200,56200,56200
cust-2026-07-28-241,GF-R4-U2,617064,65800,65800,65800
cust-2026-07-28-230,GB-R5-U1,282961,37000,37000,37000
cust-2026-07-28-230,PE-02,320962,82800,82800,82800
cust-2026-07-28-230,GB-R4-U4,404763,43800,43800,43800
cust-2026-07-28-177,GPS-06,346601,81200,81200,81200
cust-2026-07-28-177,ACC-01,480403,30800,30800,30800
cust-2026-07-28-177,PE-04,546205,55200,55200,55200
cust-2026-07-28-177,GB-R6-U5,279000,66600,66600,66600
cust-2026-07-28-177,GPS-06,428802,50600,50600,50600
cust-2026-07-28-177,ACC-02,512204,33000,33000,33000
cust-2026-07-28-177,PE-04,602406,50000,50000,50000
cust-2026-07-28-177,GB-R3-U4,653407,86400,86400,86400
cust-2026-07-28-217,GF-R6-U5,282611,67400,67400,67400
cust-2026-07-28-217,GB-R5-U6,351012,81400,81400,81400
cust-2026-07-28-205,GB-R1-U6,412927,83400,83400,83400
cust-2026-07-28-205,GF-R6-U5,287724,45600,45600,45600
cust-2026-07-28-205,GB-R6-U7,334325,30200,30200,30200
cust-2026-07-28-205,GF-R6-U6,365526,46400,46400,46400
cust-2026-07-28-205,GF-R1-U6,497328,65400,65400,65400
cust-2026-07-28-205,GB-R1-U5,563729,40800,40800,40800
cust-2026-07-28-204,GF-R4-U6,290809,50000,50000,50000
cust-2026-07-28-204,GB-R4-U6,341810,72000,72000,72000
cust-2026-07-28-204,GB-R5-U1,414811,88400,88400,88400
cust-2026-07-28-204,GB-R5-U7,504212,70200,70200,70200
cust-2026-07-28-204,GF-R2-U7,575413,47400,47400,47400
cust-2026-07-28-254,GB-R3-U7,289777,72400,72400,72400
cust-2026-07-28-254,GB-R5-U4,432579,65800,65800,65800
cust-2026-07-28-254,GF-R3-U7,363178,68400,68400,68400
cust-2026-07-28-254,GF-R4-U4,633782,43800,43800,43800
cust-2026-07-28-254,PE-02,499380,76600,76600,76600
cust-2026-07-28-254,GF-R4-U3,576981,55800,55800,55800
cust-2026-07-28-239,GPS-03,290277,31400,31400,31400
cust-2026-07-28-239,GB-R4-U6,322678,43600,43600,43600
cust-2026-07-28-239,PE-03,367279,46200,46200,46200
cust-2026-07-28-239,GF-R6-U4,414480,59000,59000,59000
cust-2026-07-28-239,GF-R5-U6,474481,71400,71400,71400
cust-2026-07-28-239,GF-R5-U2,546882,87600,87600,87600
cust-2026-07-28-239,GF-R5-U7,635483,34200,34200,34200
cust-2026-07-28-246,PE-04,505754,72200,72200,72200
cust-2026-07-28-246,GF-R4-U6,298951,85000,85000,85000
cust-2026-07-28-246,GF-R4-U5,384952,84800,84800,84800
cust-2026-07-28-246,GF-R4-U2,470753,34000,34000,34000
cust-2026-07-28-246,PE-04,578955,38600,38600,38600
cust-2026-07-28-246,PW-06,618556,71800,71800,71800
cust-2026-07-28-209,FB-01,294888,71400,71400,71400
cust-2026-07-28-196,GF-R4-U7,296055,85000,85000,85000
cust-2026-07-28-196,GB-R4-U7,382056,37400,37400,37400
cust-2026-07-28-196,PE-03,420457,72000,72000,72000
cust-2026-07-28-196,GB-R1-U7,493458,45000,45000,45000
cust-2026-07-28-196,GF-R6-U5,539459,68600,68600,68600
cust-2026-07-28-196,GF-R6-U6,609060,61200,61200,61200
cust-2026-07-28-196,PE-05,671261,78400,78400,78400
cust-2026-07-28-165,GB-R1-U2,538670,82600,82600,82600
cust-2026-07-28-165,PE-04,297666,64800,64800,64800
cust-2026-07-28-165,GF-R5-U7,363467,65600,65600,65600
cust-2026-07-28-165,PW-02,430068,69400,69400,69400
cust-2026-07-28-165,GB-R6-U4,500469,37200,37200,37200
cust-2026-07-28-165,GB-R1-U2,622271,72200,72200,72200
cust-2026-07-28-189,GF-R5-U3,331212,42000,42000,42000
cust-2026-07-28-189,PI-03,572017,39800,39800,39800
cust-2026-07-28-189,GB-R5-U2,299611,30600,30600,30600
cust-2026-07-28-189,GF-R4-U3,374213,37400,37400,37400
cust-2026-07-28-189,GB-R1-U4,412614,71600,71600,71600
cust-2026-07-28-189,PE-06,485215,41400,41400,41400
cust-2026-07-28-189,GF-R1-U7,527616,43400,43400,43400
cust-2026-07-28-189,PI-03,612818,49200,49200,49200
cust-2026-07-28-229,FB-01,300111,44400,44400,44400
cust-2026-07-28-229,FB-01,345512,34800,34800,34800
cust-2026-07-28-229,FB-01,381313,50800,50800,50800
cust-2026-07-28-229,GF-R6-U6,433114,42000,42000,42000
cust-2026-07-28-229,GF-R5-U2,482686,45800,45800,45800
cust-2026-07-28-211,GF-R1-U1,414661,47000,47000,47000
cust-2026-07-28-211,PE-04,319459,56400,56400,56400
cust-2026-07-28-211,GB-R3-U1,376860,36800,36800,36800
cust-2026-07-28-211,GF-R1-U1,546863,32000,32000,32000
cust-2026-07-28-211,GB-R1-U6,462662,83200,83200,83200
cust-2026-07-28-216,GB-R2-U2,312849,66600,66600,66600
cust-2026-07-28-216,PW-05,380450,50200,50200,50200
cust-2026-07-28-216,GB-R2-U3,431651,60800,60800,60800
cust-2026-07-28-216,GB-R4-U3,493452,40200,40200,40200
cust-2026-07-28-216,GF-R4-U2,534653,77000,77000,77000
cust-2026-07-28-216,GB-R1-U5,612654,58000,58000,58000
cust-2026-07-28-216,GB-R1-U6,671655,61400,61400,61400
cust-2026-07-28-242,ACC-03,504269,55200,55200,55200
cust-2026-07-28-242,GF-R3-U2,384867,56200,56200,56200
cust-2026-07-28-242,GB-R2-U7,593871,34800,34800,34800
cust-2026-07-28-242,GPS-02,308666,75200,75200,75200
cust-2026-07-28-242,GB-R3-U1,442068,61200,61200,61200
cust-2026-07-28-242,ACC-03,560470,32400,32400,32400
cust-2026-07-28-242,GF-R2-U7,712273,51400,51400,51400
cust-2026-07-28-242,GF-R2-U2,629672,81600,81600,81600
cust-2026-07-28-167,GF-R6-U1,314000,44400,44400,44400
cust-2026-07-28-167,GF-R4-U5,359401,61200,61200,61200
cust-2026-07-28-167,PE-01,421602,39400,39400,39400
cust-2026-07-28-245,GF-R6-U1,314388,32600,32600,32600
cust-2026-07-28-245,GF-R6-U4,347989,37600,37600,37600
cust-2026-07-28-225,GF-R2-U6,318166,58600,58600,58600
cust-2026-07-28-225,GF-R2-U3,377767,72800,72800,72800
cust-2026-07-28-225,FB-01,455962,75800,75800,75800
cust-2026-07-28-225,GPS-01,532763,80200,80200,80200
cust-2026-07-28-225,GPS-05,613964,63800,63800,63800
cust-2026-07-28-184,PW-01,319888,48800,48800,48800
cust-2026-07-28-260,GB-R3-U5,320555,87000,87000,87000
cust-2026-07-28-226,PE-01,322500,74600,74600,74600
cust-2026-07-28-226,GB-R3-U4,398101,39600,39600,39600
cust-2026-07-28-226,PW-01,438702,74600,74600,74600
cust-2026-07-28-181,GF-R3-U3,332006,83000,83000,83000
cust-2026-07-28-181,GB-R3-U3,416007,59200,59200,59200
cust-2026-07-28-181,GB-R3-U5,476208,63200,63200,63200
cust-2026-07-28-181,GB-R6-U1,554915,53800,53800,53800
cust-2026-07-28-238,GF-R6-U5,326277,77400,77400,77400
cust-2026-07-28-238,GF-R6-U1,404678,87400,87400,87400
cust-2026-07-28-238,GB-R3-U1,493079,38400,38400,38400
cust-2026-07-28-249,GB-R2-U7,504080,86200,86200,86200
cust-2026-07-28-249,PI-01,652882,43400,43400,43400
cust-2026-07-28-249,GF-R3-U6,461679,41400,41400,41400
cust-2026-07-28-249,GB-R4-U6,762285,49000,49000,49000
cust-2026-07-28-249,GB-R3-U3,328277,61800,61800,61800
cust-2026-07-28-249,GF-R3-U1,391078,69600,69600,69600
cust-2026-07-28-249,GB-R4-U6,812286,59400,59400,59400
cust-2026-07-28-249,GF-R2-U7,591281,60600,60600,60600
cust-2026-07-28-249,PI-01,736684,24600,24600,24600
cust-2026-07-28-249,RR-02,697283,38400,38400,38400
cust-2026-07-28-248,GF-R5-U5,505125,85600,85600,85600
cust-2026-07-28-248,GF-R3-U3,328722,77200,77200,77200
cust-2026-07-28-248,GF-R3-U7,406923,47400,47400,47400
cust-2026-07-28-248,GB-R1-U5,455324,48800,48800,48800
cust-2026-07-28-248,GB-R5-U5,591726,54400,54400,54400
cust-2026-07-28-248,GB-R5-U7,647127,37200,37200,37200
cust-2026-07-28-248,GB-R2-U2,685328,59800,59800,59800
cust-2026-07-28-248,GF-R2-U1,746129,37600,37600,37600
cust-2026-07-28-187,GB-R3-U3,536359,53000,53000,53000
cust-2026-07-28-187,PE-01,334555,44000,44000,44000
cust-2026-07-28-187,GB-R6-U1,379556,77000,77000,77000
cust-2026-07-28-187,GF-R6-U1,457557,36800,36800,36800
cust-2026-07-28-187,GF-R3-U5,495358,40000,40000,40000
cust-2026-07-28-187,GB-R3-U3,590360,82400,82400,82400
cust-2026-07-28-187,GF-R4-U7,676942,64400,64400,64400
cust-2026-07-28-187,GF-R4-U6,742343,84600,84600,84600
cust-2026-07-28-188,GF-R5-U4,385268,45000,45000,45000
cust-2026-07-28-188,GB-R5-U5,431269,75200,75200,75200
cust-2026-07-28-188,GB-R5-U7,507470,42200,42200,42200
cust-2026-07-28-188,GF-R1-U7,550671,58600,58600,58600
cust-2026-07-28-188,GF-R1-U2,610272,86800,86800,86800
cust-2026-07-28-169,GF-R4-U5,339944,43200,43200,43200
cust-2026-07-28-169,GPS-04,558547,71200,71200,71200
cust-2026-07-28-169,GF-R4-U5,473346,84200,84200,84200
cust-2026-07-28-169,GF-R4-U6,384145,88200,88200,88200
cust-2026-07-28-169,GPS-04,630748,44400,44400,44400
cust-2026-07-28-169,GPS-01,676149,38600,38600,38600
cust-2026-07-28-169,GB-R6-U7,715750,67200,67200,67200
cust-2026-07-28-169,GF-R6-U3,783951,40000,40000,40000
cust-2026-07-28-169,GF-R1-U7,824952,55800,55800,55800
cust-2026-07-28-212,GF-R1-U2,353194,70400,70400,70400
cust-2026-07-28-212,GB-R1-U3,424595,69200,69200,69200
cust-2026-07-28-212,GB-R6-U6,494796,72200,72200,72200
cust-2026-07-28-212,GF-R6-U4,567997,52600,52600,52600
cust-2026-07-28-185,GB-R5-U6,341166,35800,35800,35800
cust-2026-07-28-185,GB-R4-U4,377967,55400,55400,55400
cust-2026-07-28-180,GB-R2-U7,342833,48200,48200,48200
cust-2026-07-28-222,GF-R3-U2,496326,32200,32200,32200
cust-2026-07-28-222,ACC-03,367924,67400,67400,67400
cust-2026-07-28-222,ACC-01,436325,59000,59000,59000
cust-2026-07-28-222,GF-R3-U2,529527,37600,37600,37600
cust-2026-07-28-182,PW-06,345277,32600,32600,32600
cust-2026-07-28-182,ACC-03,384516,52600,52600,52600
cust-2026-07-28-182,GB-R5-U5,438117,54400,54400,54400
cust-2026-07-28-182,GB-R5-U1,493518,76200,76200,76200
cust-2026-07-28-182,GB-R5-U4,570719,81800,81800,81800
cust-2026-07-28-244,GB-R4-U3,404678,43000,43000,43000
cust-2026-07-28-244,GB-R4-U6,345277,58400,58400,58400
cust-2026-07-28-244,GB-R4-U3,448679,77000,77000,77000
cust-2026-07-28-244,GF-R6-U5,526680,34200,34200,34200
cust-2026-07-28-244,GB-R6-U4,561881,78600,78600,78600
cust-2026-07-28-244,GB-R1-U6,641482,59600,59600,59600
cust-2026-07-28-244,GF-R1-U5,702083,30600,30600,30600
cust-2026-07-28-257,GB-R3-U2,347166,87400,87400,87400
cust-2026-07-28-257,PE-04,435567,35800,35800,35800
cust-2026-07-28-257,PW-04,472368,68800,68800,68800
cust-2026-07-28-257,PW-01,542169,61400,61400,61400
cust-2026-07-28-257,PW-05,604570,39800,39800,39800
cust-2026-07-28-257,GB-R2-U7,645371,58400,58400,58400
cust-2026-07-28-255,GB-R4-U1,395649,85400,85400,85400
cust-2026-07-28-255,GB-R3-U7,354248,40400,40400,40400
cust-2026-07-28-255,GB-R4-U1,482050,55400,55400,55400
cust-2026-07-28-255,GB-R4-U3,538451,80200,80200,80200
cust-2026-07-28-255,GB-R6-U2,619652,88400,88400,88400
cust-2026-07-28-255,GF-R6-U4,709053,66400,66400,66400
cust-2026-07-28-255,GF-R6-U3,776454,57600,57600,57600
cust-2026-07-28-206,GB-R2-U5,353000,51400,51400,51400
cust-2026-07-28-206,GB-R6-U2,421801,67000,67000,67000
cust-2026-07-28-206,GF-R6-U6,489802,52800,52800,52800
cust-2026-07-28-206,GB-R6-U4,543603,74600,74600,74600
cust-2026-07-28-195,GB-R1-U2,519713,66200,66200,66200
cust-2026-07-28-195,GB-R1-U6,353111,80600,80600,80600
cust-2026-07-28-195,GB-R1-U5,434712,84000,84000,84000
cust-2026-07-28-195,GB-R3-U4,586914,89600,89600,89600
cust-2026-07-28-195,PW-05,677515,53400,53400,53400
cust-2026-07-28-195,GB-R2-U3,731916,48600,48600,48600
cust-2026-07-28-195,GB-R2-U2,781517,82000,82000,82000
cust-2026-07-28-227,GF-R5-U1,354333,63800,63800,63800
cust-2026-07-28-227,GF-R5-U4,419134,76800,76800,76800
cust-2026-07-28-227,PE-06,496935,33400,33400,33400
cust-2026-07-28-227,GF-R2-U7,531336,88400,88400,88400
cust-2026-07-28-201,GF-R3-U7,383427,68200,68200,68200
cust-2026-07-28-201,GB-R3-U7,452628,77800,77800,77800
cust-2026-07-28-201,GB-R1-U2,531429,79200,79200,79200
cust-2026-07-28-201,GB-R1-U7,611630,82000,82000,82000
cust-2026-07-28-201,GF-R5-U5,694631,42400,42400,42400
cust-2026-07-28-262,GB-R6-U7,360000,69600,69600,69600
cust-2026-07-28-262,GB-R4-U2,430601,71800,71800,71800
cust-2026-07-28-166,GF-R4-U2,361222,42600,42600,42600
cust-2026-07-28-166,PW-06,404823,46000,46000,46000
cust-2026-07-28-166,GB-R1-U2,451824,34800,34800,34800
cust-2026-07-28-166,GB-R6-U3,487625,34600,34600,34600
cust-2026-07-28-166,GB-R6-U4,523226,45600,45600,45600
cust-2026-07-28-214,GB-R6-U6,361277,64800,64800,64800
cust-2026-07-28-214,GF-R6-U5,427078,53200,53200,53200
cust-2026-07-28-214,GF-R6-U4,481279,43400,43400,43400
cust-2026-07-28-228,GB-R1-U5,362166,74400,74400,74400
cust-2026-07-28-228,GF-R2-U3,437567,30000,30000,30000
cust-2026-07-28-228,GB-R4-U3,468568,37000,37000,37000
cust-2026-07-28-228,GF-R4-U7,506569,41800,41800,41800
cust-2026-07-28-218,GF-R5-U2,367000,84400,84400,84400
cust-2026-07-28-218,GB-R5-U5,452401,45200,45200,45200
cust-2026-07-28-218,GF-R1-U4,498602,39600,39600,39600
cust-2026-07-28-218,GF-R6-U6,539203,71800,71800,71800
cust-2026-07-28-258,FB-01,510019,75600,75600,75600
cust-2026-07-28-258,FB-01,586620,62000,62000,62000
cust-2026-07-28-258,GB-R5-U4,367944,64200,64200,64200
cust-2026-07-28-258,GB-R6-U7,433145,73800,73800,73800
cust-2026-07-28-258,FB-01,649621,33000,33000,33000
cust-2026-07-28-168,GPS-06,368055,38200,38200,38200
cust-2026-07-28-168,GF-R2-U6,407256,74400,74400,74400
cust-2026-07-28-168,GF-R2-U3,482657,58200,58200,58200
cust-2026-07-28-168,PE-05,541858,39800,39800,39800
cust-2026-07-28-168,PE-06,582659,43400,43400,43400
cust-2026-07-28-168,GF-R1-U4,627060,36200,36200,36200
cust-2026-07-28-168,GF-R3-U1,664261,44400,44400,44400
cust-2026-07-28-168,GB-R3-U2,709662,37400,37400,37400
cust-2026-07-28-168,PE-04,748063,55200,55200,55200
cust-2026-07-28-200,GB-R6-U4,374629,77800,77800,77800
cust-2026-07-28-200,GF-R6-U4,453430,69000,69000,69000
cust-2026-07-28-200,GF-R1-U5,523431,32400,32400,32400
cust-2026-07-28-200,GB-R1-U2,556832,32000,32000,32000
cust-2026-07-28-200,PW-06,589833,51600,51600,51600
cust-2026-07-28-200,GF-R3-U1,642434,65400,65400,65400
cust-2026-07-28-170,GB-R2-U7,372722,70400,70400,70400
cust-2026-07-28-170,GB-R2-U6,444123,88400,88400,88400
cust-2026-07-28-170,GB-R5-U1,533524,59400,59400,59400
cust-2026-07-28-170,GB-R3-U1,593925,85800,85800,85800
cust-2026-07-28-208,GF-R6-U4,373277,33000,33000,33000
cust-2026-07-28-208,GF-R6-U1,407278,76600,76600,76600
cust-2026-07-28-172,GF-R6-U7,603971,45800,45800,45800
cust-2026-07-28-172,GPS-01,374444,50400,50400,50400
cust-2026-07-28-172,GPS-04,425845,73400,73400,73400
cust-2026-07-28-172,GB-R2-U6,525370,77600,77600,77600
cust-2026-07-28-172,GF-R6-U7,723973,75200,75200,75200
cust-2026-07-28-172,GF-R6-U4,650772,72200,72200,72200
cust-2026-07-28-221,GB-R4-U1,671728,41000,41000,41000
cust-2026-07-28-221,GF-R1-U6,378722,50800,50800,50800
cust-2026-07-28-221,GB-R1-U7,430523,33000,33000,33000
cust-2026-07-28-221,FB-01,820531,55800,55800,55800
cust-2026-07-28-221,GF-R1-U3,464524,40600,40600,40600
cust-2026-07-28-221,GB-R5-U5,506125,54800,54800,54800
cust-2026-07-28-221,GB-R5-U4,561926,66200,66200,66200
cust-2026-07-28-221,GB-R5-U3,629127,41600,41600,41600
cust-2026-07-28-221,GF-R4-U1,713729,39600,39600,39600
cust-2026-07-28-221,GB-R4-U7,754330,65200,65200,65200
cust-2026-07-28-219,GB-R4-U2,507425,59200,59200,59200
cust-2026-07-28-219,PE-05,379222,38200,38200,38200
cust-2026-07-28-219,GB-R2-U1,418423,47800,47800,47800
cust-2026-07-28-219,GB-R4-U4,467224,39200,39200,39200
cust-2026-07-28-219,GB-R4-U2,567626,68800,68800,68800
cust-2026-07-28-219,GF-R1-U5,642312,62000,62000,62000
cust-2026-07-28-250,GB-R3-U4,382333,55000,55000,55000
cust-2026-07-28-250,GB-R6-U7,438334,71800,71800,71800
cust-2026-07-28-215,GF-R4-U6,429329,32400,32400,32400
cust-2026-07-28-215,GF-R2-U1,462730,31800,31800,31800
cust-2026-07-28-215,GF-R5-U2,495531,66600,66600,66600
cust-2026-07-28-215,PW-02,563132,45000,45000,45000
cust-2026-07-28-237,GF-R2-U7,520502,45200,45200,45200
cust-2026-07-28-237,ACC-01,620104,89400,89400,89400
cust-2026-07-28-237,PE-06,383500,47000,47000,47000
cust-2026-07-28-237,PW-06,431501,88000,88000,88000
cust-2026-07-28-237,GB-R2-U7,566703,52400,52400,52400
cust-2026-07-28-237,ACC-02,710505,54000,54000,54000
cust-2026-07-28-293,GB-R6-U4,387111,50600,50600,50600
cust-2026-07-28-293,GF-R6-U7,438712,60000,60000,60000
cust-2026-07-28-293,GPS-05,499713,56600,56600,56600
cust-2026-07-28-293,GF-R4-U4,557314,31000,31000,31000
cust-2026-07-28-293,GF-R4-U5,589315,70200,70200,70200
cust-2026-07-28-297,PW-01,394277,89600,89600,89600
cust-2026-07-28-268,GB-R6-U7,399444,80600,80600,80600
cust-2026-07-28-268,PW-01,481045,64000,64000,64000
cust-2026-07-28-277,FB-01,409526,40600,40600,40600
cust-2026-07-28-277,FB-01,451127,64000,64000,64000
cust-2026-07-28-277,FB-01,516128,35600,35600,35600
cust-2026-07-28-277,GB-R1-U7,552729,72400,72400,72400
cust-2026-07-28-277,GB-R1-U7,626130,45200,45200,45200
cust-2026-07-28-277,GF-R1-U1,672331,51400,51400,51400
cust-2026-07-28-277,GF-R3-U2,724732,30000,30000,30000
cust-2026-07-28-277,PE-04,755733,88600,88600,88600
cust-2026-07-28-277,GB-R3-U5,845334,69000,69000,69000
cust-2026-07-28-300,GB-R6-U6,483401,84400,84400,84400
cust-2026-07-28-300,GB-R2-U6,731842,51200,51200,51200
cust-2026-07-28-300,GF-R2-U2,656441,74400,74400,74400
cust-2026-07-28-300,GB-R6-U4,406000,76400,76400,76400
cust-2026-07-28-300,GB-R6-U6,568802,67400,67400,67400
cust-2026-07-28-300,GB-R3-U2,902645,58800,58800,58800
cust-2026-07-28-300,GB-R2-U6,784043,76800,76800,76800
cust-2026-07-28-300,GF-R3-U3,861844,39800,39800,39800
cust-2026-07-28-291,FB-01,647104,33800,33800,33800
cust-2026-07-28-291,FB-01,681905,32000,32000,32000
cust-2026-07-28-291,GB-R5-U1,850908,45200,45200,45200
cust-2026-07-28-291,GB-R3-U4,408500,33400,33400,33400
cust-2026-07-28-291,GF-R1-U3,442901,42200,42200,42200
cust-2026-07-28-291,GF-R1-U2,486102,70800,70800,70800
cust-2026-07-28-291,GB-R1-U2,557903,88200,88200,88200
cust-2026-07-28-291,FB-01,714906,80000,80000,80000
cust-2026-07-28-291,GB-R5-U6,795907,54000,54000,54000
cust-2026-07-28-291,GB-R5-U1,897109,32400,32400,32400
cust-2026-07-28-321,GB-R6-U4,414000,82600,82600,82600
cust-2026-07-28-321,GF-R6-U1,497601,72000,72000,72000
cust-2026-07-28-321,GB-R3-U5,570602,44800,44800,44800
cust-2026-07-28-272,GF-R4-U3,618736,35600,35600,35600
cust-2026-07-28-272,GB-R6-U5,414333,43800,43800,43800
cust-2026-07-28-272,GF-R6-U2,459134,81000,81000,81000
cust-2026-07-28-272,PE-03,541135,76600,76600,76600
cust-2026-07-28-272,GF-R4-U4,655337,78800,78800,78800
cust-2026-07-28-272,GF-R3-U7,739013,34600,34600,34600
cust-2026-07-28-272,GB-R3-U5,774614,49600,49600,49600
cust-2026-07-28-272,GF-R3-U3,825215,80000,80000,80000
cust-2026-07-28-335,GPS-04,539335,31800,31800,31800
cust-2026-07-28-335,GB-R2-U2,416333,36800,36800,36800
cust-2026-07-28-335,GPS-03,454134,84200,84200,84200
cust-2026-07-28-335,GPS-06,572136,72600,72600,72600
cust-2026-07-28-335,GF-R5-U4,649799,88000,88000,88000
cust-2026-07-28-333,GB-R6-U4,417666,40200,40200,40200
cust-2026-07-28-278,GB-R2-U1,421111,72800,72800,72800
cust-2026-07-28-278,GF-R2-U1,494912,47000,47000,47000
cust-2026-07-28-278,GF-R6-U5,542913,32400,32400,32400
cust-2026-07-28-278,GB-R1-U2,576314,39000,39000,39000
cust-2026-07-28-278,GF-R5-U2,616315,37600,37600,37600
cust-2026-07-28-278,GF-R5-U7,654916,62600,62600,62600
cust-2026-07-28-278,GB-R5-U3,718517,78000,78000,78000
cust-2026-07-28-301,FB-01,748305,57200,57200,57200
cust-2026-07-28-301,GF-R3-U6,421500,66600,66600,66600
cust-2026-07-28-301,PW-04,489101,57800,57800,57800
cust-2026-07-28-301,GB-R3-U7,547902,59800,59800,59800
cust-2026-07-28-301,GB-R4-U3,608703,89400,89400,89400
cust-2026-07-28-301,GB-R4-U1,699104,48200,48200,48200
cust-2026-07-28-301,FB-01,806506,85600,85600,85600
cust-2026-07-28-301,PW-06,893107,72000,72000,72000
cust-2026-07-28-317,GF-R4-U2,422000,69200,69200,69200
cust-2026-07-28-317,GF-R4-U2,492201,45800,45800,45800
cust-2026-07-28-317,GB-R4-U1,539002,64800,64800,64800
cust-2026-07-28-317,GB-R1-U7,604803,42000,42000,42000
cust-2026-07-28-317,GF-R3-U3,647804,52600,52600,52600
cust-2026-07-28-317,GF-R3-U7,701405,48600,48600,48600
cust-2026-07-28-290,GB-R1-U6,424777,48200,48200,48200
cust-2026-07-28-290,FB-01,473978,56000,56000,56000
cust-2026-07-28-290,GB-R4-U2,538726,55800,55800,55800
cust-2026-07-28-318,GF-R6-U3,424944,31200,31200,31200
cust-2026-07-28-318,GF-R6-U1,457145,80000,80000,80000
cust-2026-07-28-318,GF-R5-U4,538146,77200,77200,77200
cust-2026-07-28-334,PE-05,425333,46800,46800,46800
cust-2026-07-28-334,GPS-05,473134,57000,57000,57000
cust-2026-07-28-334,GB-R5-U4,531135,51400,51400,51400
cust-2026-07-28-283,FB-01,425777,56000,56000,56000
cust-2026-07-28-283,FB-01,482778,39400,39400,39400
cust-2026-07-28-283,PE-02,523179,66800,66800,66800
cust-2026-07-28-283,GF-R5-U1,590980,59200,59200,59200
cust-2026-07-28-283,GB-R4-U6,660412,74800,74800,74800
cust-2026-07-28-298,GPS-06,503396,72200,72200,72200
cust-2026-07-28-298,GPS-02,434595,67800,67800,67800
cust-2026-07-28-298,GPS-06,576597,51800,51800,51800
cust-2026-07-28-298,GB-R4-U4,636145,59400,59400,59400
cust-2026-07-28-298,GB-R4-U6,696546,43000,43000,43000
cust-2026-07-28-328,GF-R3-U4,433000,51600,51600,51600
cust-2026-07-28-328,FB-01,640919,43600,43600,43600
cust-2026-07-28-328,FB-01,685520,59400,59400,59400
cust-2026-07-28-328,GB-R3-U4,554602,60000,60000,60000
cust-2026-07-28-328,GB-R3-U6,485601,68000,68000,68000
cust-2026-07-28-328,FB-01,745921,36800,36800,36800
cust-2026-07-28-311,GB-R4-U6,434500,74200,74200,74200
cust-2026-07-28-311,GB-R3-U5,509701,80000,80000,80000
cust-2026-07-28-287,GB-R1-U2,474523,70400,70400,70400
cust-2026-07-28-287,GF-R1-U4,435722,37800,37800,37800
cust-2026-07-28-287,GF-R1-U3,545924,71600,71600,71600
cust-2026-07-28-287,GB-R4-U7,618525,76400,76400,76400
cust-2026-07-28-287,PE-04,695926,64600,64600,64600
cust-2026-07-28-287,GF-R3-U3,761527,55800,55800,55800
cust-2026-07-28-287,GB-R2-U1,818328,34200,34200,34200
cust-2026-07-28-287,GB-R2-U2,853529,33600,33600,33600
cust-2026-07-28-326,GB-R4-U2,654044,36400,36400,36400
cust-2026-07-28-326,GB-R6-U7,436611,44600,44600,44600
cust-2026-07-28-326,GF-R6-U5,482212,80800,80800,80800
cust-2026-07-28-326,GB-R4-U1,580643,72400,72400,72400
cust-2026-07-28-326,GF-R4-U2,691445,60800,60800,60800
cust-2026-07-28-326,GF-R5-U6,753246,86200,86200,86200
cust-2026-07-28-267,GB-R2-U6,437888,80400,80400,80400
cust-2026-07-28-267,GF-R5-U7,519289,75600,75600,75600
cust-2026-07-28-267,PE-03,595890,72800,72800,72800
cust-2026-07-28-305,PI-01,441000,67800,67800,67800
cust-2026-07-28-305,GF-R6-U3,549002,41600,41600,41600
cust-2026-07-28-305,GF-R6-U3,591603,75000,75000,75000
cust-2026-07-28-305,PI-01,509801,38200,38200,38200
cust-2026-07-28-305,GB-R6-U3,667604,74200,74200,74200
cust-2026-07-28-305,ACC-01,742805,71600,71600,71600
cust-2026-07-28-305,PE-02,815406,77400,77400,77400
cust-2026-07-28-330,GF-R6-U2,442277,64600,64600,64600
cust-2026-07-28-330,GB-R6-U1,507878,74400,74400,74400
cust-2026-07-28-316,GB-R1-U7,823861,53000,53000,53000
cust-2026-07-28-316,GF-R6-U6,448055,74000,74000,74000
cust-2026-07-28-316,PW-01,523056,51000,51000,51000
cust-2026-07-28-316,GF-R6-U3,575057,36800,36800,36800
cust-2026-07-28-316,PE-05,612858,55800,55800,55800
cust-2026-07-28-316,GF-R2-U1,669659,72600,72600,72600
cust-2026-07-28-316,GF-R2-U5,743260,79600,79600,79600
cust-2026-07-28-316,GF-R1-U7,877862,65400,65400,65400
cust-2026-07-28-316,GF-R5-U7,944263,47600,47600,47600
cust-2026-07-28-316,GF-R5-U4,992864,40200,40200,40200
cust-2026-07-28-299,GB-R6-U5,457444,67400,67400,67400
cust-2026-07-28-299,GB-R5-U5,525845,45200,45200,45200
cust-2026-07-28-299,GF-R5-U5,572046,67000,67000,67000
cust-2026-07-28-299,GF-R2-U7,654530,50200,50200,50200
cust-2026-07-28-320,FB-01,804617,69800,69800,69800
cust-2026-07-28-320,GF-R4-U1,460611,57800,57800,57800
cust-2026-07-28-320,GF-R4-U4,519412,52200,52200,52200
cust-2026-07-28-320,GB-R4-U3,572613,80400,80400,80400
cust-2026-07-28-320,GF-R3-U5,654014,43000,43000,43000
cust-2026-07-28-320,GB-R3-U1,698015,36600,36600,36600
cust-2026-07-28-320,GF-R5-U3,735616,68000,68000,68000
cust-2026-07-28-320,FB-01,875418,40400,40400,40400
cust-2026-07-28-266,GB-R3-U1,532089,40800,40800,40800
cust-2026-07-28-266,PE-04,460888,70200,70200,70200
cust-2026-07-28-266,GF-R2-U1,743094,39000,39000,39000
cust-2026-07-28-266,GF-R4-U1,573890,36400,36400,36400
cust-2026-07-28-266,GF-R5-U1,676092,31800,31800,31800
cust-2026-07-28-266,GF-R4-U6,611291,63800,63800,63800
cust-2026-07-28-266,GB-R2-U4,708893,33200,33200,33200
cust-2026-07-28-286,FB-01,463333,85800,85800,85800
cust-2026-07-28-286,GB-R3-U3,550134,74000,74000,74000
cust-2026-07-28-286,PW-04,625135,51000,51000,51000
cust-2026-07-28-286,GF-R3-U1,677136,89000,89000,89000
cust-2026-07-28-286,GB-R5-U1,773300,79800,79800,79800
cust-2026-07-28-310,GF-R2-U1,465055,46000,46000,46000
cust-2026-07-28-310,GB-R3-U1,874462,80000,80000,80000
cust-2026-07-28-310,GF-R2-U3,512056,32800,32800,32800
cust-2026-07-28-310,GF-R6-U2,545857,44400,44400,44400
cust-2026-07-28-310,GF-R6-U5,591258,77000,77000,77000
cust-2026-07-28-310,GB-R6-U6,669259,88400,88400,88400
cust-2026-07-28-310,GB-R4-U5,758660,48400,48400,48400
cust-2026-07-28-310,GF-R4-U3,808061,65400,65400,65400
cust-2026-07-28-310,GF-R3-U7,955463,50000,50000,50000
cust-2026-07-28-280,GB-R3-U1,471833,67200,67200,67200
cust-2026-07-28-280,GF-R4-U5,540034,30000,30000,30000
cust-2026-07-28-280,GB-R6-U7,571035,57400,57400,57400
cust-2026-07-28-308,GF-R6-U4,481553,70400,70400,70400
cust-2026-07-28-308,GF-R6-U2,552954,62800,62800,62800
cust-2026-07-28-308,GF-R6-U1,616755,42400,42400,42400
cust-2026-07-28-309,GB-R4-U2,512980,53000,53000,53000
cust-2026-07-28-309,PE-03,566981,33200,33200,33200
cust-2026-07-28-309,PE-01,601182,74800,74800,74800
cust-2026-07-28-331,GB-R3-U6,488245,40200,40200,40200
cust-2026-07-28-331,GB-R2-U6,702449,31800,31800,31800
cust-2026-07-28-331,GF-R3-U1,529446,41000,41000,41000
cust-2026-07-28-331,GB-R3-U5,571447,43200,43200,43200
cust-2026-07-28-331,GB-R2-U5,615648,85800,85800,85800
cust-2026-07-28-331,GB-R2-U4,735250,57400,57400,57400
cust-2026-07-28-275,GB-R3-U3,482888,80000,80000,80000
cust-2026-07-28-275,PW-06,617232,35600,35600,35600
cust-2026-07-28-275,GF-R1-U5,653833,57000,57000,57000
cust-2026-07-28-327,PW-01,489500,87600,87600,87600
cust-2026-07-28-327,PE-01,578101,75600,75600,75600
cust-2026-07-28-281,GB-R6-U5,492666,77400,77400,77400
cust-2026-07-28-281,GF-R6-U6,571067,74200,74200,74200
cust-2026-07-28-281,ACC-01,646268,80000,80000,80000
cust-2026-07-28-281,GF-R3-U7,731113,49000,49000,49000
cust-2026-07-28-281,GF-R3-U2,781114,45800,45800,45800
cust-2026-07-28-306,GA-01,498944,40000,40000,40000
cust-2026-07-28-306,GF-R1-U3,543125,77600,77600,77600
cust-2026-07-28-306,GB-R2-U5,621726,47800,47800,47800
cust-2026-07-28-306,PE-05,670527,79000,79000,79000
cust-2026-07-28-306,PW-05,750528,79000,79000,79000
cust-2026-07-28-313,GF-R4-U4,736025,64600,64600,64600
cust-2026-07-28-313,FB-01,502222,72600,72600,72600
cust-2026-07-28-313,PW-03,575823,69200,69200,69200
cust-2026-07-28-313,GB-R4-U1,646024,89000,89000,89000
cust-2026-07-28-313,GB-R5-U4,801626,52800,52800,52800
cust-2026-07-28-313,PW-02,855427,50200,50200,50200
cust-2026-07-28-313,GB-R5-U5,906628,80800,80800,80800
cust-2026-07-28-307,PE-06,505166,84600,84600,84600
cust-2026-07-28-307,GF-R1-U4,590767,68000,68000,68000
cust-2026-07-28-307,GF-R1-U1,659768,64000,64000,64000
cust-2026-07-28-307,GF-R3-U4,724769,82000,82000,82000
cust-2026-07-28-307,GB-R3-U5,807770,65200,65200,65200
cust-2026-07-28-307,GF-R3-U6,873971,51600,51600,51600
cust-2026-07-28-307,GB-R6-U7,926572,77800,77800,77800
cust-2026-07-28-307,GB-R6-U4,1005373,67600,67600,67600
cust-2026-07-28-307,PE-01,1073974,58000,58000,58000
cust-2026-07-28-324,GF-R6-U4,508333,39000,39000,39000
cust-2026-07-28-324,PW-01,548334,85600,85600,85600
cust-2026-07-28-273,GF-R5-U7,628403,88000,88000,88000
cust-2026-07-28-273,GB-R4-U3,509000,38600,38600,38600
cust-2026-07-28-273,GF-R4-U5,548601,32400,32400,32400
cust-2026-07-28-273,PW-02,582002,45400,45400,45400
cust-2026-07-28-273,GB-R6-U7,819606,65800,65800,65800
cust-2026-07-28-273,GF-R5-U6,717404,62800,62800,62800
cust-2026-07-28-273,GB-R6-U4,781205,37400,37400,37400
cust-2026-07-28-273,GB-R1-U5,886407,61800,61800,61800
cust-2026-07-28-273,GB-R1-U1,949208,53600,53600,53600
cust-2026-07-28-273,GF-R1-U2,1003809,83400,83400,83400
cust-2026-07-28-315,GPS-02,509555,68400,68400,68400
cust-2026-07-28-315,GPS-02,578956,79000,79000,79000
cust-2026-07-28-315,GPS-03,658957,10400,10400,10400
cust-2026-07-28-315,GB-R4-U3,670358,70800,70800,70800
cust-2026-07-28-315,PE-03,742159,49600,49600,49600
cust-2026-07-28-315,GB-R4-U4,792760,53000,53000,53000
cust-2026-07-28-315,FB-01,846761,38000,38000,38000
cust-2026-07-28-315,PW-06,885762,75600,75600,75600
cust-2026-07-28-315,GF-R1-U3,962363,79800,79800,79800
cust-2026-07-28-271,GF-R6-U4,511166,77400,77400,77400
cust-2026-07-28-271,GB-R6-U6,589567,47000,47000,47000
cust-2026-07-28-271,ACC-03,641542,39400,39400,39400
cust-2026-07-28-271,ACC-02,681943,36200,36200,36200
cust-2026-07-28-271,GF-R4-U6,719144,69600,69600,69600
cust-2026-07-28-271,GF-R4-U5,789745,80800,80800,80800
cust-2026-07-28-271,GB-R4-U1,871546,40400,40400,40400
cust-2026-07-28-294,GF-R6-U2,514500,89600,89600,89600
cust-2026-07-28-295,GB-R1-U3,517444,37400,37400,37400
cust-2026-07-28-295,PE-01,555845,60000,60000,60000
cust-2026-07-28-295,GB-R6-U2,616846,77200,77200,77200
cust-2026-07-28-314,GF-R4-U2,520166,70000,70000,70000
cust-2026-07-28-314,GF-R4-U7,591167,70600,70600,70600
cust-2026-07-28-314,GF-R4-U6,662768,71000,71000,71000
cust-2026-07-28-314,GB-R6-U3,734769,51200,51200,51200
cust-2026-07-28-314,GB-R6-U5,786970,53600,53600,53600
cust-2026-07-28-314,GF-R6-U7,841571,78600,78600,78600
cust-2026-07-28-312,GF-R3-U5,813618,30800,30800,30800
cust-2026-07-28-312,GPS-05,521833,54400,54400,54400
cust-2026-07-28-312,GPS-01,577234,58800,58800,58800
cust-2026-07-28-312,GF-R1-U5,637035,42000,42000,42000
cust-2026-07-28-312,PE-06,680036,77600,77600,77600
cust-2026-07-28-312,GF-R1-U7,758637,51200,51200,51200
cust-2026-07-28-312,GB-R3-U5,845419,76200,76200,76200
cust-2026-07-28-319,GB-R3-U7,524277,79000,79000,79000
cust-2026-07-28-319,GB-R3-U4,604278,46800,46800,46800
cust-2026-07-28-319,GF-R5-U4,652079,73000,73000,73000
cust-2026-07-28-319,GF-R5-U6,726080,71000,71000,71000
cust-2026-07-28-319,GB-R5-U1,798081,84200,84200,84200
cust-2026-07-28-319,GB-R4-U3,883282,83400,83400,83400
cust-2026-07-28-319,GF-R4-U2,967683,66600,66600,66600
cust-2026-07-28-279,GF-R6-U1,525166,46400,46400,46400
cust-2026-07-28-279,ACC-01,572567,65200,65200,65200
cust-2026-07-28-279,GF-R6-U2,638768,33200,33200,33200
cust-2026-07-28-269,GF-R4-U5,528222,50200,50200,50200
cust-2026-07-28-269,GB-R4-U5,579423,68600,68600,68600
cust-2026-07-28-269,PI-01,817426,53400,53400,53400
cust-2026-07-28-269,GB-R4-U5,649024,82000,82000,82000
cust-2026-07-28-269,FB-01,732025,84400,84400,84400
cust-2026-07-28-269,PI-01,871827,50400,50400,50400
cust-2026-07-28-269,PI-03,923228,44800,44800,44800
cust-2026-07-28-269,GB-R1-U2,969029,49400,49400,49400
cust-2026-07-28-269,PW-06,1019430,38600,38600,38600
cust-2026-07-28-269,GF-R1-U3,1059031,61000,61000,61000
cust-2026-07-28-304,GB-R6-U2,544766,57600,57600,57600
cust-2026-07-28-304,GF-R6-U1,603367,39600,39600,39600
cust-2026-07-28-304,GF-R4-U6,647803,37200,37200,37200
cust-2026-07-28-304,GF-R4-U1,686004,69600,69600,69600
cust-2026-07-28-304,PE-03,756605,61000,61000,61000
cust-2026-07-28-296,GF-R4-U3,535722,50200,50200,50200
cust-2026-07-28-296,GB-R6-U1,586923,59800,59800,59800
cust-2026-07-28-296,GB-R2-U6,647724,45800,45800,45800
cust-2026-07-28-296,GF-R5-U5,694525,37000,37000,37000
cust-2026-07-28-296,GF-R5-U2,732526,52000,52000,52000
cust-2026-07-28-282,PE-01,536222,55200,55200,55200
cust-2026-07-28-282,GF-R4-U5,594923,79400,79400,79400
cust-2026-07-28-282,GF-R1-U4,675324,38600,38600,38600
cust-2026-07-28-322,GB-R3-U7,642202,83600,83600,83600
cust-2026-07-28-322,PI-01,540000,67400,67400,67400
cust-2026-07-28-322,GB-R3-U2,608401,32800,32800,32800
cust-2026-07-28-322,GB-R3-U7,726803,70200,70200,70200
cust-2026-07-28-322,PE-03,831421,50800,50800,50800
cust-2026-07-28-322,GF-R4-U1,883222,34400,34400,34400
cust-2026-07-28-322,GF-R4-U7,918623,89600,89600,89600
cust-2026-07-28-332,GF-R3-U4,748626,41000,41000,41000
cust-2026-07-28-332,GB-R4-U1,540222,42800,42800,42800
cust-2026-07-28-332,GB-R3-U1,822028,70800,70800,70800
cust-2026-07-28-332,GF-R4-U6,584023,79800,79800,79800
cust-2026-07-28-332,GF-R4-U5,664824,35800,35800,35800
cust-2026-07-28-332,GF-R1-U5,701625,46000,46000,46000
cust-2026-07-28-332,GF-R3-U4,790627,30400,30400,30400
cust-2026-07-28-303,FB-01,747836,77800,77800,77800
cust-2026-07-28-303,GB-R5-U7,543833,86200,86200,86200
cust-2026-07-28-303,GF-R5-U6,631034,34000,34000,34000
cust-2026-07-28-303,PE-02,666035,80800,80800,80800
cust-2026-07-28-303,FB-01,826637,77400,77400,77400
cust-2026-07-28-303,GB-R4-U6,924149,76200,76200,76200
cust-2026-07-28-303,PE-03,1001350,75000,75000,75000
cust-2026-07-28-285,GB-R3-U2,670609,81200,81200,81200
cust-2026-07-28-285,GB-R6-U5,554807,55800,55800,55800
cust-2026-07-28-285,GF-R6-U4,611608,58000,58000,58000
cust-2026-07-28-285,GF-R3-U2,835411,77600,77600,77600
cust-2026-07-28-285,GF-R3-U5,752810,81600,81600,81600
cust-2026-07-28-285,GF-R2-U3,914012,83000,83000,83000
cust-2026-07-28-285,PE-05,998013,58400,58400,58400
cust-2026-07-28-264,GF-R4-U3,556461,80800,80800,80800
cust-2026-07-28-264,PI-01,638262,30600,30600,30600
cust-2026-07-28-264,GB-R6-U2,669863,69400,69400,69400
cust-2026-07-28-292,GF-R2-U1,709708,52800,52800,52800
cust-2026-07-28-292,PW-06,557106,78600,78600,78600
cust-2026-07-28-292,GB-R1-U6,636707,72000,72000,72000
cust-2026-07-28-292,PW-05,763509,43800,43800,43800
cust-2026-07-28-292,GF-R2-U6,808310,48800,48800,48800
cust-2026-07-28-292,GF-R4-U6,858111,73600,73600,73600
cust-2026-07-28-292,GF-R4-U1,932712,62200,62200,62200
cust-2026-07-28-289,GF-R3-U6,819282,69800,69800,69800
cust-2026-07-28-289,GF-R4-U3,566478,85800,85800,85800
cust-2026-07-28-289,PW-01,653279,42400,42400,42400
cust-2026-07-28-289,GB-R6-U3,696680,41400,41400,41400
cust-2026-07-28-289,GB-R6-U4,739081,79200,79200,79200
cust-2026-07-28-289,GF-R3-U6,890083,82800,82800,82800
cust-2026-07-28-289,GF-R3-U4,973884,62800,62800,62800
cust-2026-07-28-274,GF-R4-U1,571167,38000,38000,38000
cust-2026-07-28-274,GB-R4-U2,610168,61400,61400,61400
cust-2026-07-28-274,GF-R5-U2,672569,63600,63600,63600
cust-2026-07-28-274,PE-02,737170,68200,68200,68200
cust-2026-07-28-274,GB-R3-U5,806371,64000,64000,64000
cust-2026-07-28-274,GF-R3-U7,871372,81600,81600,81600
cust-2026-07-28-274,GB-R3-U4,953973,51200,51200,51200
cust-2026-07-28-288,GF-R6-U5,563888,86400,86400,86400
cust-2026-07-28-288,PW-01,651289,48000,48000,48000
cust-2026-07-28-288,GF-R6-U1,700290,62800,62800,62800
cust-2026-07-28-329,GB-R2-U2,568388,78800,78800,78800
cust-2026-07-28-329,GB-R2-U6,648189,30200,30200,30200
cust-2026-07-28-329,PE-04,679390,48200,48200,48200
cust-2026-07-28-329,GPS-01,728591,31800,31800,31800
cust-2026-07-28-265,FB-01,569166,80400,80400,80400
cust-2026-07-28-265,GB-R2-U1,770569,60800,60800,60800
cust-2026-07-28-265,FB-01,650567,31400,31400,31400
cust-2026-07-28-265,GB-R5-U1,682968,86600,86600,86600
cust-2026-07-28-265,GF-R2-U1,832370,70200,70200,70200
cust-2026-07-28-302,GF-R5-U7,754069,31800,31800,31800
cust-2026-07-28-302,GB-R2-U6,611467,59000,59000,59000
cust-2026-07-28-302,GB-R2-U4,572666,37800,37800,37800
cust-2026-07-28-302,GF-R1-U6,1003273,32600,32600,32600
cust-2026-07-28-302,GB-R5-U6,671468,81600,81600,81600
cust-2026-07-28-302,GF-R4-U7,786870,55800,55800,55800
cust-2026-07-28-302,GF-R4-U3,843671,81600,81600,81600
cust-2026-07-28-302,GF-R4-U4,926272,76000,76000,76000
cust-2026-07-28-276,PW-04,574277,55200,55200,55200
cust-2026-07-28-276,GF-R3-U6,630478,82000,82000,82000
cust-2026-07-28-276,PE-04,713479,35600,35600,35600
cust-2026-07-28-276,GF-R2-U7,750080,45400,45400,45400
cust-2026-07-28-276,GB-R2-U4,796481,75600,75600,75600
cust-2026-07-28-276,GB-R2-U1,873082,44600,44600,44600
cust-2026-07-28-276,GB-R5-U3,944376,36400,36400,36400
cust-2026-07-28-284,GB-R4-U1,598020,85200,85200,85200
cust-2026-07-28-284,GF-R4-U6,684221,68800,68800,68800
cust-2026-07-28-284,GF-R4-U4,754022,32600,32600,32600
cust-2026-07-28-284,GPS-01,787623,63000,63000,63000
cust-2026-07-28-325,GF-R4-U3,853748,56800,56800,56800
cust-2026-07-28-325,PE-04,577944,76600,76600,76600
cust-2026-07-28-325,RR-02,655545,33400,33400,33400
cust-2026-07-28-325,GB-R1-U1,689946,85200,85200,85200
cust-2026-07-28-325,GF-R1-U7,776147,76600,76600,76600
cust-2026-07-28-325,GF-R4-U3,911549,61600,61600,61600
cust-2026-07-28-325,GB-R4-U5,974150,79000,79000,79000
cust-2026-07-28-270,GB-R5-U3,579611,64600,64600,64600
cust-2026-07-28-323,GF-R6-U4,581388,88200,88200,88200
cust-2026-07-28-323,GB-R1-U5,670589,88200,88200,88200
cust-2026-07-28-323,GF-R1-U1,759790,43000,43000,43000
cust-2026-07-28-323,GB-R3-U5,803791,77400,77400,77400
cust-2026-07-28-323,PW-04,882192,55000,55000,55000
cust-2026-07-28-323,GB-R3-U6,938193,86000,86000,86000
cust-2026-07-28-323,GPS-01,1025194,68000,68000,68000
cust-2026-07-28-375,GB-R6-U4,588166,47200,47200,47200
cust-2026-07-28-375,PW-01,636367,64200,64200,64200
cust-2026-07-28-340,GF-R4-U6,593388,32000,32000,32000
cust-2026-07-28-340,PW-06,626389,83600,83600,83600
cust-2026-07-28-340,GF-R1-U4,710990,36600,36600,36600
cust-2026-07-28-340,GB-R1-U3,748591,34600,34600,34600
cust-2026-07-28-340,GF-R6-U5,787758,89200,89200,89200
cust-2026-07-28-342,GB-R1-U7,659710,34000,34000,34000
cust-2026-07-28-342,GF-R4-U3,599055,56600,56600,56600
cust-2026-07-28-342,GF-R1-U7,694711,47600,47600,47600
cust-2026-07-28-365,GF-R3-U2,721613,76800,76800,76800
cust-2026-07-28-365,GF-R5-U5,897416,72000,72000,72000
cust-2026-07-28-365,GB-R1-U3,601611,58600,58600,58600
cust-2026-07-28-365,GF-R1-U1,661212,59400,59400,59400
cust-2026-07-28-365,GF-R2-U1,1150220,64200,64200,64200
cust-2026-07-28-365,GB-R3-U2,799414,34200,34200,34200
cust-2026-07-28-365,GF-R3-U6,834615,61800,61800,61800
cust-2026-07-28-365,GF-R5-U5,1029218,69400,69400,69400
cust-2026-07-28-365,PW-02,970417,57800,57800,57800
cust-2026-07-28-365,GF-R2-U7,1099619,49600,49600,49600
cust-2026-07-28-365,GB-R2-U6,1215421,79400,79400,79400
cust-2026-07-28-381,FB-01,602444,32400,32400,32400
cust-2026-07-28-381,GB-R3-U4,638076,82200,82200,82200
cust-2026-07-28-381,GB-R5-U2,721277,58800,58800,58800
cust-2026-07-28-377,GB-R3-U4,605722,79600,79600,79600
cust-2026-07-28-377,GB-R6-U1,686323,89600,89600,89600
cust-2026-07-28-368,GF-R6-U4,606944,89200,89200,89200
cust-2026-07-28-368,GB-R3-U1,697145,41000,41000,41000
cust-2026-07-28-368,GB-R6-U4,739146,49600,49600,49600
cust-2026-07-28-354,GF-R4-U1,610944,32600,32600,32600
cust-2026-07-28-354,GB-R5-U3,666243,70400,70400,70400
cust-2026-07-28-336,GF-R2-U6,621166,31600,31600,31600
cust-2026-07-28-336,GB-R2-U6,653767,52600,52600,52600
cust-2026-07-28-336,GB-R4-U6,796769,68800,68800,68800
cust-2026-07-28-336,GF-R2-U6,707368,88400,88400,88400
cust-2026-07-28-336,GF-R4-U6,937771,60400,60400,60400
cust-2026-07-28-336,GB-R4-U5,866570,70200,70200,70200
cust-2026-07-28-336,GB-R3-U4,999172,35000,35000,35000
cust-2026-07-28-336,GF-R3-U2,1035173,73400,73400,73400
cust-2026-07-28-336,GF-R3-U3,1109574,83000,83000,83000
cust-2026-07-28-344,RR-02,844178,64800,64800,64800
cust-2026-07-28-344,RR-02,909979,76200,76200,76200
cust-2026-07-28-344,GF-R3-U2,623444,65800,65800,65800
cust-2026-07-28-344,GB-R6-U5,690245,34200,34200,34200
cust-2026-07-28-344,GF-R6-U2,725446,62400,62400,62400
cust-2026-07-28-344,GF-R6-U7,788847,41000,41000,41000
cust-2026-07-28-344,RR-02,987180,6800,6800,6800
cust-2026-07-28-358,GB-R3-U5,624222,57400,57400,57400
cust-2026-07-28-358,GF-R4-U6,687362,86600,86600,86600
cust-2026-07-28-358,GB-R4-U3,774963,38200,38200,38200
cust-2026-07-28-358,GF-R1-U4,814164,62000,62000,62000
cust-2026-07-28-358,GB-R1-U4,877165,42800,42800,42800
cust-2026-07-28-358,GB-R1-U1,920966,65200,65200,65200
cust-2026-07-28-371,GB-R5-U5,630287,58600,58600,58600
cust-2026-07-28-371,GF-R5-U1,689888,51600,51600,51600
cust-2026-07-28-371,GB-R4-U4,742489,70800,70800,70800
cust-2026-07-28-371,GF-R6-U6,814290,57600,57600,57600
cust-2026-07-28-371,GF-R6-U7,872891,48000,48000,48000
cust-2026-07-28-389,PW-01,628444,87800,87800,87800
cust-2026-07-28-389,GF-R6-U3,717245,75000,75000,75000
cust-2026-07-28-389,GF-R5-U7,793246,72000,72000,72000
cust-2026-07-28-379,GPS-01,630500,82400,82400,82400
cust-2026-07-28-379,GF-R3-U2,903304,74600,74600,74600
cust-2026-07-28-379,GF-R3-U2,978905,30200,30200,30200
cust-2026-07-28-379,GPS-03,713901,69400,69400,69400
cust-2026-07-28-379,GF-R1-U2,784302,86000,86000,86000
cust-2026-07-28-379,PW-06,871303,31000,31000,31000
cust-2026-07-28-379,GF-R3-U2,1010106,88200,88200,88200
cust-2026-07-28-396,GF-R6-U1,634166,86000,86000,86000
cust-2026-07-28-396,GB-R5-U3,721167,63000,63000,63000
cust-2026-07-28-391,GF-R6-U1,634666,75000,75000,75000
cust-2026-07-28-391,GB-R6-U6,710667,71800,71800,71800
cust-2026-07-28-378,GB-R4-U6,639611,67400,67400,67400
cust-2026-07-28-378,GF-R2-U3,708012,58400,58400,58400
cust-2026-07-28-355,GB-R4-U2,698723,46400,46400,46400
cust-2026-07-28-355,GB-R1-U6,644722,53000,53000,53000
cust-2026-07-28-355,GB-R4-U2,746124,41200,41200,41200
cust-2026-07-28-355,GF-R6-U4,793051,85000,85000,85000
cust-2026-07-28-355,PW-01,879052,39800,39800,39800
cust-2026-07-28-350,GB-R1-U4,654555,59800,59800,59800
cust-2026-07-28-350,RR-02,879414,59200,59200,59200
cust-2026-07-28-350,GF-R1-U4,715356,66800,66800,66800
cust-2026-07-28-350,PI-01,812213,66200,66200,66200
cust-2026-07-28-350,RR-02,939615,27000,27000,27000
cust-2026-07-28-387,GB-R6-U3,660888,36000,36000,36000
cust-2026-07-28-387,GA-01,697889,70800,70800,70800
cust-2026-07-28-387,GF-R4-U7,769690,60400,60400,60400
cust-2026-07-28-387,GB-R2-U1,831091,63200,63200,63200
cust-2026-07-28-387,GF-R2-U3,895292,32600,32600,32600
cust-2026-07-28-373,GB-R4-U4,794347,33400,33400,33400
cust-2026-07-28-373,GF-R5-U6,668944,40200,40200,40200
cust-2026-07-28-373,GB-R5-U2,710145,51400,51400,51400
cust-2026-07-28-373,GB-R5-U1,762546,30800,30800,30800
cust-2026-07-28-373,GB-R4-U4,828748,71000,71000,71000
cust-2026-07-28-373,GF-R1-U4,906292,62400,62400,62400
cust-2026-07-28-373,GB-R1-U4,969693,70000,70000,70000
cust-2026-07-28-392,GF-R4-U7,674388,79600,79600,79600
cust-2026-07-28-392,GF-R2-U7,754989,77800,77800,77800
cust-2026-07-28-392,GF-R2-U4,833790,66800,66800,66800
cust-2026-07-28-392,PI-01,901591,52800,52800,52800
cust-2026-07-28-392,PW-01,955392,39200,39200,39200
cust-2026-07-28-338,GF-R6-U6,677444,43600,43600,43600
cust-2026-07-28-338,GF-R4-U3,722045,68800,68800,68800
cust-2026-07-28-384,GB-R1-U1,679111,74400,74400,74400
cust-2026-07-28-384,GF-R3-U4,758235,57800,57800,57800
cust-2026-07-28-382,GB-R2-U2,679333,68400,68400,68400
cust-2026-07-28-382,GF-R6-U4,748734,70200,70200,70200
cust-2026-07-28-382,GB-R4-U5,819935,89800,89800,89800
cust-2026-07-28-388,GF-R5-U7,917238,79800,79800,79800
cust-2026-07-28-388,ACC-03,679333,64600,64600,64600
cust-2026-07-28-388,ACC-01,744934,39000,39000,39000
cust-2026-07-28-388,GF-R6-U4,784935,56800,56800,56800
cust-2026-07-28-388,GF-R5-U6,881437,34800,34800,34800
cust-2026-07-28-388,GF-R5-U7,998039,30800,30800,30800
cust-2026-07-28-376,PW-01,681666,36400,36400,36400
cust-2026-07-28-376,GB-R5-U4,719067,74600,74600,74600
cust-2026-07-28-376,GB-R3-U1,794668,83600,83600,83600
cust-2026-07-28-363,GPS-04,682000,79000,79000,79000
cust-2026-07-28-363,GPS-05,762001,42600,42600,42600
cust-2026-07-28-363,PW-02,805602,89400,89400,89400
cust-2026-07-28-363,GB-R5-U7,896003,48200,48200,48200
cust-2026-07-28-363,GF-R5-U4,945204,67600,67600,67600
cust-2026-07-28-363,GF-R3-U7,1013805,87800,87800,87800
cust-2026-07-28-363,GF-R3-U5,1102606,79800,79800,79800
cust-2026-07-28-363,GF-R1-U3,1183407,81800,81800,81800
cust-2026-07-28-353,GB-R5-U7,682111,67600,67600,67600
cust-2026-07-28-353,GF-R5-U7,750712,52400,52400,52400
cust-2026-07-28-353,PE-02,804113,72400,72400,72400
cust-2026-07-28-353,PE-05,877514,80600,80600,80600
cust-2026-07-28-353,PI-03,959115,75400,75400,75400
cust-2026-07-28-353,PI-01,1035516,36200,36200,36200
cust-2026-07-28-353,GB-R1-U7,1072717,81800,81800,81800
cust-2026-07-28-353,GF-R1-U6,1155518,38600,38600,38600
cust-2026-07-28-352,ACC-02,709974,68200,68200,68200
cust-2026-07-28-352,GF-R1-U7,806745,48400,48400,48400
cust-2026-07-28-366,GB-R6-U2,689388,32800,32800,32800
cust-2026-07-28-366,GB-R5-U3,723189,84800,84800,84800
cust-2026-07-28-366,PE-01,808990,71800,71800,71800
cust-2026-07-28-386,PE-06,821820,69800,69800,69800
cust-2026-07-28-386,GB-R2-U5,689888,49800,49800,49800
cust-2026-07-28-386,GF-R4-U6,740689,56000,56000,56000
cust-2026-07-28-386,PE-06,892621,45800,45800,45800
cust-2026-07-28-386,GB-R1-U3,939422,35600,35600,35600
cust-2026-07-28-345,FB-01,693277,47600,47600,47600
cust-2026-07-28-345,GB-R3-U1,741878,52200,52200,52200
cust-2026-07-28-345,PW-06,795079,80600,80600,80600
cust-2026-07-28-345,PW-02,876680,88000,88000,88000
cust-2026-07-28-345,GF-R5-U5,965681,61600,61600,61600
cust-2026-07-28-359,GF-R2-U1,697055,50800,50800,50800
cust-2026-07-28-359,GB-R2-U3,748856,52000,52000,52000
cust-2026-07-28-359,GB-R2-U7,801857,89800,89800,89800
cust-2026-07-28-359,GF-R4-U5,892658,84400,84400,84400
cust-2026-07-28-359,GF-R4-U4,978059,43200,43200,43200
cust-2026-07-28-359,GB-R4-U6,1022260,68000,68000,68000
cust-2026-07-28-359,GF-R1-U5,1091261,75400,75400,75400
cust-2026-07-28-347,PW-02,704277,48000,48000,48000
cust-2026-07-28-347,GF-R1-U3,753278,84800,84800,84800
cust-2026-07-28-347,GB-R3-U2,839079,60600,60600,60600
cust-2026-07-28-343,GB-R6-U2,716611,33400,33400,33400
cust-2026-07-28-361,GB-R2-U6,724888,55400,55400,55400
cust-2026-07-28-361,GB-R2-U3,781289,47000,47000,47000
cust-2026-07-28-361,GPS-05,835311,58400,58400,58400
cust-2026-07-28-361,GPS-03,894712,40600,40600,40600
cust-2026-07-28-361,GPS-02,936313,47200,47200,47200
cust-2026-07-28-367,GF-R5-U1,729781,57400,57400,57400
cust-2026-07-28-367,GF-R5-U5,788182,57000,57000,57000
cust-2026-07-28-367,GF-R5-U3,846183,57600,57600,57600
cust-2026-07-28-367,GF-R6-U3,1067186,51400,51400,51400
cust-2026-07-28-367,GB-R4-U6,904784,87200,87200,87200
cust-2026-07-28-367,PE-03,992985,73200,73200,73200
cust-2026-07-28-346,FB-01,1014490,66000,66000,66000
cust-2026-07-28-346,FB-01,1081491,77800,77800,77800
cust-2026-07-28-346,GF-R4-U6,731777,87200,87200,87200
cust-2026-07-28-346,PW-03,819978,77200,77200,77200
cust-2026-07-28-346,GF-R4-U1,898179,53000,53000,53000
cust-2026-07-28-346,GF-R5-U1,952180,53800,53800,53800
cust-2026-07-28-346,FB-01,1160292,51200,51200,51200
cust-2026-07-28-383,GA-01,732055,77400,77400,77400
cust-2026-07-28-383,GA-01,810456,39200,39200,39200
cust-2026-07-28-383,GB-R1-U1,852642,41400,41400,41400
cust-2026-07-28-383,GF-R3-U3,895043,75400,75400,75400
cust-2026-07-28-383,GB-R3-U6,971444,74400,74400,74400
cust-2026-07-28-393,GB-R6-U7,734444,42000,42000,42000
cust-2026-07-28-393,GB-R6-U1,777445,63600,63600,63600
cust-2026-07-28-393,GF-R5-U3,842046,82800,82800,82800
cust-2026-07-28-393,GF-R3-U7,925847,40800,40800,40800
cust-2026-07-28-393,GF-R3-U4,967648,60200,60200,60200
cust-2026-07-28-393,GB-R2-U5,1028849,51000,51000,51000
cust-2026-07-28-370,GF-R2-U6,737741,63000,63000,63000
cust-2026-07-28-370,GF-R6-U1,801742,82000,82000,82000
cust-2026-07-28-370,PW-04,884743,59400,59400,59400
cust-2026-07-28-356,GB-R2-U6,736611,47600,47600,47600
cust-2026-07-28-356,GB-R2-U2,785212,38600,38600,38600
cust-2026-07-28-356,GF-R2-U5,824813,64400,64400,64400
cust-2026-07-28-356,GF-R5-U3,895932,46600,46600,46600
cust-2026-07-28-356,GB-R5-U7,943533,48200,48200,48200
cust-2026-07-28-356,GB-R4-U7,992734,34200,34200,34200
cust-2026-07-28-356,GF-R4-U1,1027935,56200,56200,56200
cust-2026-07-28-356,GF-R4-U5,1085136,34000,34000,34000
cust-2026-07-28-390,ACC-01,737666,50600,50600,50600
cust-2026-07-28-390,ACC-02,789267,39400,39400,39400
cust-2026-07-28-390,GB-R2-U6,833352,71600,71600,71600
cust-2026-07-28-390,GB-R2-U4,905953,44800,44800,44800
cust-2026-07-28-385,GB-R6-U7,744443,78400,78400,78400
cust-2026-07-28-385,GB-R5-U6,823844,34000,34000,34000
cust-2026-07-28-385,GF-R1-U5,858845,35600,35600,35600
cust-2026-07-28-385,GB-R1-U5,895446,52800,52800,52800
cust-2026-07-28-374,CO-04,745166,81800,81800,81800
cust-2026-07-28-374,GB-R1-U5,859631,62600,62600,62600
cust-2026-07-28-339,RR-02,835445,44600,44600,44600
cust-2026-07-28-339,PI-03,748444,86000,86000,86000
cust-2026-07-28-339,RR-02,881046,6800,6800,6800
cust-2026-07-28-339,GF-R6-U5,888847,68600,68600,68600
cust-2026-07-28-339,GF-R2-U3,958448,72400,72400,72400
cust-2026-07-28-339,GB-R3-U2,1031849,75200,75200,75200
cust-2026-07-28-339,GB-R3-U7,1108050,51200,51200,51200
cust-2026-07-28-339,GB-R3-U1,1160251,50600,50600,50600
cust-2026-07-28-349,PW-04,1020716,76800,76800,76800
cust-2026-07-28-349,GF-R1-U3,752111,58600,58600,58600
cust-2026-07-28-349,GB-R1-U5,811712,72400,72400,72400
cust-2026-07-28-349,GB-R1-U6,885113,60800,60800,60800
cust-2026-07-28-349,FB-01,946914,35800,35800,35800
cust-2026-07-28-349,GF-R5-U6,983715,36000,36000,36000
cust-2026-07-28-349,PW-04,1098517,32400,32400,32400
cust-2026-07-28-348,GB-R4-U3,753611,37000,37000,37000
cust-2026-07-28-348,PW-03,791612,89400,89400,89400
cust-2026-07-28-348,GF-R4-U7,882013,40200,40200,40200
cust-2026-07-28-341,GB-R5-U2,756555,71200,71200,71200
cust-2026-07-28-341,GB-R6-U7,828756,58600,58600,58600
cust-2026-07-28-341,GF-R6-U2,888357,72000,72000,72000
cust-2026-07-28-362,GB-R5-U6,760055,71400,71400,71400
cust-2026-07-28-362,GF-R6-U4,832456,37400,37400,37400
cust-2026-07-28-362,GF-R6-U5,870857,53400,53400,53400
cust-2026-07-28-360,GF-R3-U4,761555,63800,63800,63800
cust-2026-07-28-360,PE-04,826356,45400,45400,45400
cust-2026-07-28-360,GB-R3-U5,872757,36400,36400,36400
cust-2026-07-28-360,GF-R1-U2,910158,45400,45400,45400
cust-2026-07-28-360,GB-R1-U1,956559,71600,71600,71600
cust-2026-07-28-360,GF-R1-U6,1029160,60200,60200,60200
cust-2026-07-28-360,GA-01,1090361,76400,76400,76400
cust-2026-07-28-372,PW-02,761833,46800,46800,46800
cust-2026-07-28-372,GB-R6-U5,809634,59400,59400,59400
cust-2026-07-28-372,GF-R6-U4,870035,32800,32800,32800
cust-2026-07-28-337,GB-R5-U7,771333,60400,60400,60400
cust-2026-07-28-337,GF-R5-U6,832734,64000,64000,64000
cust-2026-07-28-337,GB-R5-U7,897735,71400,71400,71400
cust-2026-07-28-337,GB-R6-U6,1077138,57800,57800,57800
cust-2026-07-28-337,PE-01,970136,61400,61400,61400
cust-2026-07-28-337,GF-R6-U5,1032537,43600,43600,43600
cust-2026-07-28-337,GPS-02,1135939,69800,69800,69800
cust-2026-07-28-337,GB-R3-U5,1206740,55000,55000,55000
cust-2026-07-28-351,GB-R3-U4,844155,67200,67200,67200
cust-2026-07-28-351,GB-R6-U5,780354,62800,62800,62800
cust-2026-07-28-351,GF-R3-U4,984957,89600,89600,89600
cust-2026-07-28-351,GF-R3-U1,912356,71600,71600,71600
cust-2026-07-28-351,GF-R4-U7,1075558,33600,33600,33600
cust-2026-07-28-395,GF-R6-U1,777166,83200,83200,83200
cust-2026-07-28-395,GF-R6-U2,861367,80600,80600,80600
cust-2026-07-28-364,GF-R6-U7,780055,58200,58200,58200
cust-2026-07-28-364,PW-01,839256,38600,38600,38600
cust-2026-07-28-357,GF-R5-U7,780777,87400,87400,87400
cust-2026-07-28-357,GB-R6-U5,875961,78400,78400,78400
cust-2026-07-28-357,GB-R6-U2,955362,86400,86400,86400
cust-2026-07-28-357,GB-R1-U2,1042763,35600,35600,35600
cust-2026-07-28-357,GB-R1-U3,1079364,81000,81000,81000
cust-2026-07-28-380,GF-R5-U1,782111,53400,53400,53400
cust-2026-07-28-380,GF-R5-U3,836512,48600,48600,48600
cust-2026-07-28-380,GF-R4-U4,886113,78000,78000,78000
cust-2026-07-28-380,PE-03,965114,87200,87200,87200
cust-2026-07-28-380,GF-R4-U1,1053315,24800,24800,24800
cust-2026-07-28-380,GF-R1-U3,1079116,81200,81200,81200
cust-2026-07-28-380,GB-R1-U4,1161317,68400,68400,68400
cust-2026-07-28-380,GB-R1-U7,1230718,50800,50800,50800
cust-2026-07-28-369,GF-R6-U1,782388,42600,42600,42600
cust-2026-07-28-369,GB-R5-U3,825989,37800,37800,37800
cust-2026-07-28-394,GF-R4-U1,784333,76400,76400,76400
cust-2026-07-28-394,GF-R4-U7,861734,86800,86800,86800
cust-2026-07-28-394,GF-R4-U4,949535,61400,61400,61400
cust-2026-07-28-394,GF-R6-U7,1011936,77800,77800,77800
cust-2026-07-28-394,PE-05,1096458,39600,39600,39600
cust-2026-07-28-408,GB-R2-U3,795971,86200,86200,86200
cust-2026-07-28-408,GF-R2-U3,883172,75400,75400,75400
cust-2026-07-28-408,PE-05,959573,73000,73000,73000
cust-2026-07-28-408,PW-06,1033574,83200,83200,83200
cust-2026-07-28-408,ACC-03,1117775,52400,52400,52400
cust-2026-07-28-435,GF-R1-U1,795263,39400,39400,39400
cust-2026-07-28-435,GF-R1-U6,835664,38000,38000,38000
cust-2026-07-28-435,GF-R1-U5,874665,71200,71200,71200
cust-2026-07-28-435,GF-R5-U2,951866,52200,52200,52200
cust-2026-07-28-469,GF-R6-U4,792611,42800,42800,42800
cust-2026-07-28-469,PW-01,836412,53800,53800,53800
cust-2026-07-28-469,PE-06,891213,74600,74600,74600
cust-2026-07-28-469,GB-R1-U2,966814,82200,82200,82200
cust-2026-07-28-469,GF-R1-U1,1050015,87600,87600,87600
cust-2026-07-28-469,FB-01,1138616,57600,57600,57600
cust-2026-07-28-469,GB-R4-U2,1197217,82800,82800,82800
cust-2026-07-28-463,GF-R3-U5,793611,46600,46600,46600
cust-2026-07-28-463,GF-R5-U5,846212,79600,79600,79600
cust-2026-07-28-463,GF-R5-U3,926813,89200,89200,89200
cust-2026-07-28-463,GB-R2-U7,1017014,65600,65600,65600
cust-2026-07-28-463,GF-R2-U3,1083615,75600,75600,75600
cust-2026-07-28-471,GB-R1-U6,795666,88200,88200,88200
cust-2026-07-28-471,GF-R2-U4,1013069,63400,63400,63400
cust-2026-07-28-471,GB-R1-U6,948468,63600,63600,63600
cust-2026-07-28-471,GB-R1-U3,884867,62600,62600,62600
cust-2026-07-28-471,GB-R2-U4,1077470,43800,43800,43800
cust-2026-07-28-471,GB-R3-U2,1122271,71000,71000,71000
cust-2026-07-28-471,GF-R3-U6,1194272,55600,55600,55600
cust-2026-07-28-423,GF-R6-U1,796777,64400,64400,64400
cust-2026-07-28-423,GB-R6-U5,862178,30800,30800,30800
cust-2026-07-28-418,GB-R3-U2,796888,51600,51600,51600
cust-2026-07-28-418,GB-R3-U1,849489,82800,82800,82800
cust-2026-07-28-429,GF-R5-U7,921690,39600,39600,39600
cust-2026-07-28-429,GF-R1-U4,796888,39200,39200,39200
cust-2026-07-28-429,GB-R3-U5,837089,83600,83600,83600
cust-2026-07-28-429,GB-R5-U7,962291,76600,76600,76600
cust-2026-07-28-429,GF-R5-U1,1039892,30800,30800,30800
