attribute_name,raw_value,display_value,locale,visual
color,,Unspecified,en,"{""swatch"":""#cccccc""}"
color,,Indéfini,fr-FR,"{""swatch"":""#cccccc""}"
color,,미지정,ko-KR,"{""swatch"":""#cccccc""}"
color,Abyss Blue,Blue,en,"{""swatch"":""#1f4e8c""}"
color,Abyss Blue,Bleu,fr-FR,"{""swatch"":""#1f4e8c""}"
color,Abyss Blue,블루,ko-KR,"{""swatch"":""#1f4e8c""}"
color,Abyss Gray,Gray,en,"{""swatch"":""#808080""}"
color,Abyss Gray,Gris,fr-FR,"{""swatch"":""#808080""}"
color,Abyss Gray,그레이,ko-KR,"{""swatch"":""#808080""}"
color,Acid Green,Green,en,"{""swatch"":""#3f7d3a""}"
color,Acid Green,Vert,fr-FR,"{""swatch"":""#3f7d3a""}"
color,Acid Green,그린,ko-KR,"{""swatch"":""#3f7d3a""}"
color,Alpine Green,Green,en,"{""swatch"":""#3f7d3a""}"
color,Alpine Green,Vert,fr-FR,"{""swatch"":""#3f7d3a""}"
color,Alpine Green,그린,ko-KR,"{""swatch"":""#3f7d3a""}"
color,Ash Blue,Blue,en,"{""swatch"":""#1f4e8c""}"
color,Ash Blue,Bleu,fr-FR,"{""swatch"":""#1f4e8c""}"
color,Ash Blue,블루,ko-KR,"{""swatch"":""#1f4e8c""}"
color,Asphalt Blue,Blue,en,"{""swatch"":""#1f4e8c""}"
color,Asphalt Blue,Bleu,fr-FR,"{""swatch"":""#1f4e8c""}"
color,Asphalt Blue,블루,ko-KR,"{""swatch"":""#1f4e8c""}"
color,Beetroot,Red,en,"{""swatch"":""#c0392b""}"
color,Beetroot,Rouge,fr-FR,"{""swatch"":""#c0392b""}"
color,Beetroot,레드,ko-KR,"{""swatch"":""#c0392b""}"
color,Black,Black,en,"{""swatch"":""#1a1a1a""}"
color,Black,Noir,fr-FR,"{""swatch"":""#1a1a1a""}"
color,Black,블랙,ko-KR,"{""swatch"":""#1a1a1a""}"
color,Black Olive,Green,en,"{""swatch"":""#3f7d3a""}"
color,Black Olive,Vert,fr-FR,"{""swatch"":""#3f7d3a""}"
color,Black Olive,그린,ko-KR,"{""swatch"":""#3f7d3a""}"
color,Black Orange,Black,en,"{""swatch"":""#1a1a1a""}"
color,Black Orange,Noir,fr-FR,"{""swatch"":""#1a1a1a""}"
color,Black Orange,블랙,ko-KR,"{""swatch"":""#1a1a1a""}"
color,Blue,Blue,en,"{""swatch"":""#1f4e8c""}"
color,Blue,Bleu,fr-FR,"{""swatch"":""#1f4e8c""}"
color,Blue,블루,ko-KR,"{""swatch"":""#1f4e8c""}"
color,Blue Gray,Gray,en,"{""swatch"":""#808080""}"
color,Blue Gray,Gris,fr-FR,"{""swatch"":""#808080""}"
color,Blue Gray,그레이,ko-KR,"{""swatch"":""#808080""}"
color,Bordeaux,Red,en,"{""swatch"":""#c0392b""}"
color,Bordeaux,Rouge,fr-FR,"{""swatch"":""#c0392b""}"
color,Bordeaux,레드,ko-KR,"{""swatch"":""#c0392b""}"
color,Brick Red,Red,en,"{""swatch"":""#c0392b""}"
color,Brick Red,Rouge,fr-FR,"{""swatch"":""#c0392b""}"
color,Brick Red,레드,ko-KR,"{""swatch"":""#c0392b""}"
color,Bright Indigo,Blue,en,"{""swatch"":""#1f4e8c""}"
color,Bright Indigo,Bleu,fr-FR,"{""swatch"":""#1f4e8c""}"
color,Bright Indigo,블루,ko-KR,"{""swatch"":""#1f4e8c""}"
color,Bronze Brown,Brown,en,"{""swatch"":""#6b4423""}"
color,Bronze Brown,Marron,fr-FR,"{""swatch"":""#6b4423""}"
color,Bronze Brown,브라운,ko-KR,"{""swatch"":""#6b4423""}"
color,Bronze Khaki Green,Green,en,"{""swatch"":""#3f7d3a""}"
color,Bronze Khaki Green,Vert,fr-FR,"{""swatch"":""#3f7d3a""}"
color,Bronze Khaki Green,그린,ko-KR,"{""swatch"":""#3f7d3a""}"
color,Burgundy,Red,en,"{""swatch"":""#c0392b""}"
color,Burgundy,Rouge,fr-FR,"{""swatch"":""#c0392b""}"
color,Burgundy,레드,ko-KR,"{""swatch"":""#c0392b""}"
color,Burnt Orange,Orange,en,"{""swatch"":""#e8730f""}"
color,Burnt Orange,Orange,fr-FR,"{""swatch"":""#e8730f""}"
color,Burnt Orange,오렌지,ko-KR,"{""swatch"":""#e8730f""}"
color,Cacao Brown,Brown,en,"{""swatch"":""#6b4423""}"
color,Cacao Brown,Marron,fr-FR,"{""swatch"":""#6b4423""}"
color,Cacao Brown,브라운,ko-KR,"{""swatch"":""#6b4423""}"
color,Camouflage Brown,Brown,en,"{""swatch"":""#6b4423""}"
color,Camouflage Brown,Marron,fr-FR,"{""swatch"":""#6b4423""}"
color,Camouflage Brown,브라운,ko-KR,"{""swatch"":""#6b4423""}"
color,Cappucino,Brown,en,"{""swatch"":""#6b4423""}"
color,Cappucino,Marron,fr-FR,"{""swatch"":""#6b4423""}"
color,Cappucino,브라운,ko-KR,"{""swatch"":""#6b4423""}"
color,Carbon,Gray,en,"{""swatch"":""#808080""}"
color,Carbon,Gris,fr-FR,"{""swatch"":""#808080""}"
color,Carbon,그레이,ko-KR,"{""swatch"":""#808080""}"
color,Carbon Black,Black,en,"{""swatch"":""#1a1a1a""}"
color,Carbon Black,Noir,fr-FR,"{""swatch"":""#1a1a1a""}"
color,Carbon Black,블랙,ko-KR,"{""swatch"":""#1a1a1a""}"
color,Carbon Gray,Gray,en,"{""swatch"":""#808080""}"
color,Carbon Gray,Gris,fr-FR,"{""swatch"":""#808080""}"
color,Carbon Gray,그레이,ko-KR,"{""swatch"":""#808080""}"
color,Caribbean Green,Green,en,"{""swatch"":""#3f7d3a""}"
color,Caribbean Green,Vert,fr-FR,"{""swatch"":""#3f7d3a""}"
color,Caribbean Green,그린,ko-KR,"{""swatch"":""#3f7d3a""}"
color,Cayenne,Orange,en,"{""swatch"":""#e8730f""}"
color,Cayenne,Orange,fr-FR,"{""swatch"":""#e8730f""}"
color,Cayenne,오렌지,ko-KR,"{""swatch"":""#e8730f""}"
color,Cedar,Brown,en,"{""swatch"":""#6b4423""}"
color,Cedar,Marron,fr-FR,"{""swatch"":""#6b4423""}"
color,Cedar,브라운,ko-KR,"{""swatch"":""#6b4423""}"
color,Charcoal,Gray,en,"{""swatch"":""#808080""}"
color,Charcoal,Gris,fr-FR,"{""swatch"":""#808080""}"
color,Charcoal,그레이,ko-KR,"{""swatch"":""#808080""}"
color,Chocolate Truffle,Brown,en,"{""swatch"":""#6b4423""}"
color,Chocolate Truffle,Marron,fr-FR,"{""swatch"":""#6b4423""}"
color,Chocolate Truffle,브라운,ko-KR,"{""swatch"":""#6b4423""}"
color,Cinnamon,Brown,en,"{""swatch"":""#6b4423""}"
color,Cinnamon,Marron,fr-FR,"{""swatch"":""#6b4423""}"
color,Cinnamon,브라운,ko-KR,"{""swatch"":""#6b4423""}"
color,Crimson Purple,Purple,en,"{""swatch"":""#7d3ca8""}"
color,Crimson Purple,Violet,fr-FR,"{""swatch"":""#7d3ca8""}"
color,Crimson Purple,퍼플,ko-KR,"{""swatch"":""#7d3ca8""}"
color,Cypress Green,Green,en,"{""swatch"":""#3f7d3a""}"
color,Cypress Green,Vert,fr-FR,"{""swatch"":""#3f7d3a""}"
color,Cypress Green,그린,ko-KR,"{""swatch"":""#3f7d3a""}"
color,Dark Blue,Blue,en,"{""swatch"":""#1f4e8c""}"
color,Dark Blue,Bleu,fr-FR,"{""swatch"":""#1f4e8c""}"
color,Dark Blue,블루,ko-KR,"{""swatch"":""#1f4e8c""}"
color,Dark Cinnamon,Brown,en,"{""swatch"":""#6b4423""}"
color,Dark Cinnamon,Marron,fr-FR,"{""swatch"":""#6b4423""}"
color,Dark Cinnamon,브라운,ko-KR,"{""swatch"":""#6b4423""}"
color,Dark Gray,Gray,en,"{""swatch"":""#808080""}"
color,Dark Gray,Gris,fr-FR,"{""swatch"":""#808080""}"
color,Dark Gray,그레이,ko-KR,"{""swatch"":""#808080""}"
color,Dark Green,Green,en,"{""swatch"":""#3f7d3a""}"
color,Dark Green,Vert,fr-FR,"{""swatch"":""#3f7d3a""}"
color,Dark Green,그린,ko-KR,"{""swatch"":""#3f7d3a""}"
color,Dark Green Gray,Gray,en,"{""swatch"":""#808080""}"
color,Dark Green Gray,Gris,fr-FR,"{""swatch"":""#808080""}"
color,Dark Green Gray,그레이,ko-KR,"{""swatch"":""#808080""}"
color,Dark Grey,Gray,en,"{""swatch"":""#808080""}"
color,Dark Grey,Gris,fr-FR,"{""swatch"":""#808080""}"
color,Dark Grey,그레이,ko-KR,"{""swatch"":""#808080""}"
color,Dark Olive Green,Green,en,"{""swatch"":""#3f7d3a""}"
color,Dark Olive Green,Vert,fr-FR,"{""swatch"":""#3f7d3a""}"
color,Dark Olive Green,그린,ko-KR,"{""swatch"":""#3f7d3a""}"
color,Dark Orange,Orange,en,"{""swatch"":""#e8730f""}"
color,Dark Orange,Orange,fr-FR,"{""swatch"":""#e8730f""}"
color,Dark Orange,오렌지,ko-KR,"{""swatch"":""#e8730f""}"
color,Dark Petrol Blue,Blue,en,"{""swatch"":""#1f4e8c""}"
color,Dark Petrol Blue,Bleu,fr-FR,"{""swatch"":""#1f4e8c""}"
color,Dark Petrol Blue,블루,ko-KR,"{""swatch"":""#1f4e8c""}"
color,Dark Sepia,Brown,en,"{""swatch"":""#6b4423""}"
color,Dark Sepia,Marron,fr-FR,"{""swatch"":""#6b4423""}"
color,Dark Sepia,브라운,ko-KR,"{""swatch"":""#6b4423""}"
color,Deep Chocolate Truffle,Brown,en,"{""swatch"":""#6b4423""}"
color,Deep Chocolate Truffle,Marron,fr-FR,"{""swatch"":""#6b4423""}"
color,Deep Chocolate Truffle,브라운,ko-KR,"{""swatch"":""#6b4423""}"
color,Deep Sea Turquoise,Turquoise,en,"{""swatch"":""#10b3b3""}"
color,Deep Sea Turquoise,Turquoise,fr-FR,"{""swatch"":""#10b3b3""}"
color,Deep Sea Turquoise,청록,ko-KR,"{""swatch"":""#10b3b3""}"
color,Deep Shale,Gray,en,"{""swatch"":""#808080""}"
color,Deep Shale,Gris,fr-FR,"{""swatch"":""#808080""}"
color,Deep Shale,그레이,ko-KR,"{""swatch"":""#808080""}"
color,Deep Teal,Turquoise,en,"{""swatch"":""#10b3b3""}"
color,Deep Teal,Turquoise,fr-FR,"{""swatch"":""#10b3b3""}"
color,Deep Teal,청록,ko-KR,"{""swatch"":""#10b3b3""}"
color,Default Color,Unspecified,en,"{""swatch"":""#cccccc""}"
color,Default Color,Indéfini,fr-FR,"{""swatch"":""#cccccc""}"
color,Default Color,미지정,ko-KR,"{""swatch"":""#cccccc""}"
color,Eclipse Blue,Blue,en,"{""swatch"":""#1f4e8c""}"
color,Eclipse Blue,Bleu,fr-FR,"{""swatch"":""#1f4e8c""}"
color,Eclipse Blue,블루,ko-KR,"{""swatch"":""#1f4e8c""}"
color,Electric Purple,Purple,en,"{""swatch"":""#7d3ca8""}"
color,Electric Purple,Violet,fr-FR,"{""swatch"":""#7d3ca8""}"
color,Electric Purple,퍼플,ko-KR,"{""swatch"":""#7d3ca8""}"
color,Fluo Neon Pink,Pink,en,"{""swatch"":""#e84d8a""}"
color,Fluo Neon Pink,Rose,fr-FR,"{""swatch"":""#e84d8a""}"
color,Fluo Neon Pink,핑크,ko-KR,"{""swatch"":""#e84d8a""}"
color,Frosty Turquoise,Turquoise,en,"{""swatch"":""#10b3b3""}"
color,Frosty Turquoise,Turquoise,fr-FR,"{""swatch"":""#10b3b3""}"
color,Frosty Turquoise,청록,ko-KR,"{""swatch"":""#10b3b3""}"
color,Frozen cedar,Brown,en,"{""swatch"":""#6b4423""}"
color,Frozen cedar,Marron,fr-FR,"{""swatch"":""#6b4423""}"
color,Frozen cedar,브라운,ko-KR,"{""swatch"":""#6b4423""}"
color,Fuchsia Pink,Pink,en,"{""swatch"":""#e84d8a""}"
color,Fuchsia Pink,Rose,fr-FR,"{""swatch"":""#e84d8a""}"
color,Fuchsia Pink,핑크,ko-KR,"{""swatch"":""#e84d8a""}"
color,Fuschia,Pink,en,"{""swatch"":""#e84d8a""}"
color,Fuschia,Rose,fr-FR,"{""swatch"":""#e84d8a""}"
color,Fuschia,핑크,ko-KR,"{""swatch"":""#e84d8a""}"
color,Fushia,Pink,en,"{""swatch"":""#e84d8a""}"
color,Fushia,Rose,fr-FR,"{""swatch"":""#e84d8a""}"
color,Fushia,핑크,ko-KR,"{""swatch"":""#e84d8a""}"
color,Galaxy Blue,Blue,en,"{""swatch"":""#1f4e8c""}"
color,Galaxy Blue,Bleu,fr-FR,"{""swatch"":""#1f4e8c""}"
color,Galaxy Blue,블루,ko-KR,"{""swatch"":""#1f4e8c""}"
color,Golden Brown,Brown,en,"{""swatch"":""#6b4423""}"
color,Golden Brown,Marron,fr-FR,"{""swatch"":""#6b4423""}"
color,Golden Brown,브라운,ko-KR,"{""swatch"":""#6b4423""}"
color,Golden Chestnut,Brown,en,"{""swatch"":""#6b4423""}"
color,Golden Chestnut,Marron,fr-FR,"{""swatch"":""#6b4423""}"
color,Golden Chestnut,브라운,ko-KR,"{""swatch"":""#6b4423""}"
color,Golden Olive Green,Green,en,"{""swatch"":""#3f7d3a""}"
color,Golden Olive Green,Vert,fr-FR,"{""swatch"":""#3f7d3a""}"
color,Golden Olive Green,그린,ko-KR,"{""swatch"":""#3f7d3a""}"
color,Granite,Gray,en,"{""swatch"":""#808080""}"
color,Granite,Gris,fr-FR,"{""swatch"":""#808080""}"
color,Granite,그레이,ko-KR,"{""swatch"":""#808080""}"
color,Granite Green,Green,en,"{""swatch"":""#3f7d3a""}"
color,Granite Green,Vert,fr-FR,"{""swatch"":""#3f7d3a""}"
color,Granite Green,그린,ko-KR,"{""swatch"":""#3f7d3a""}"
color,Graphite Black,Black,en,"{""swatch"":""#1a1a1a""}"
color,Graphite Black,Noir,fr-FR,"{""swatch"":""#1a1a1a""}"
color,Graphite Black,블랙,ko-KR,"{""swatch"":""#1a1a1a""}"
color,Graphite Grey,Gray,en,"{""swatch"":""#808080""}"
color,Graphite Grey,Gris,fr-FR,"{""swatch"":""#808080""}"
color,Graphite Grey,그레이,ko-KR,"{""swatch"":""#808080""}"
color,Gray,Gray,en,"{""swatch"":""#808080""}"
color,Gray,Gris,fr-FR,"{""swatch"":""#808080""}"
color,Gray,그레이,ko-KR,"{""swatch"":""#808080""}"
color,Gray Blue,Gray,en,"{""swatch"":""#808080""}"
color,Gray Blue,Gris,fr-FR,"{""swatch"":""#808080""}"
color,Gray Blue,그레이,ko-KR,"{""swatch"":""#808080""}"
color,Green,Green,en,"{""swatch"":""#3f7d3a""}"
color,Green,Vert,fr-FR,"{""swatch"":""#3f7d3a""}"
color,Green,그린,ko-KR,"{""swatch"":""#3f7d3a""}"
color,Grey Pink,Gray,en,"{""swatch"":""#808080""}"
color,Grey Pink,Gris,fr-FR,"{""swatch"":""#808080""}"
color,Grey Pink,그레이,ko-KR,"{""swatch"":""#808080""}"
color,Hazelnut,Brown,en,"{""swatch"":""#6b4423""}"
color,Hazelnut,Marron,fr-FR,"{""swatch"":""#6b4423""}"
color,Hazelnut,브라운,ko-KR,"{""swatch"":""#6b4423""}"
color,Ice Blue,Blue,en,"{""swatch"":""#1f4e8c""}"
color,Ice Blue,Bleu,fr-FR,"{""swatch"":""#1f4e8c""}"
color,Ice Blue,블루,ko-KR,"{""swatch"":""#1f4e8c""}"
color,Inkpot Blue,Blue,en,"{""swatch"":""#1f4e8c""}"
color,Inkpot Blue,Bleu,fr-FR,"{""swatch"":""#1f4e8c""}"
color,Inkpot Blue,블루,ko-KR,"{""swatch"":""#1f4e8c""}"
color,Khaki Brown,Brown,en,"{""swatch"":""#6b4423""}"
color,Khaki Brown,Marron,fr-FR,"{""swatch"":""#6b4423""}"
color,Khaki Brown,브라운,ko-KR,"{""swatch"":""#6b4423""}"
color,Khaki Gray,Gray,en,"{""swatch"":""#808080""}"
color,Khaki Gray,Gris,fr-FR,"{""swatch"":""#808080""}"
color,Khaki Gray,그레이,ko-KR,"{""swatch"":""#808080""}"
color,Laurel Green,Green,en,"{""swatch"":""#3f7d3a""}"
color,Laurel Green,Vert,fr-FR,"{""swatch"":""#3f7d3a""}"
color,Laurel Green,그린,ko-KR,"{""swatch"":""#3f7d3a""}"
color,Light Gray,Gray,en,"{""swatch"":""#808080""}"
color,Light Gray,Gris,fr-FR,"{""swatch"":""#808080""}"
color,Light Gray,그레이,ko-KR,"{""swatch"":""#808080""}"
color,Light Gray Blue,Gray,en,"{""swatch"":""#808080""}"
color,Light Gray Blue,Gris,fr-FR,"{""swatch"":""#808080""}"
color,Light Gray Blue,그레이,ko-KR,"{""swatch"":""#808080""}"
color,Light Jade,Green,en,"{""swatch"":""#3f7d3a""}"
color,Light Jade,Vert,fr-FR,"{""swatch"":""#3f7d3a""}"
color,Light Jade,그린,ko-KR,"{""swatch"":""#3f7d3a""}"
color,Light Khaki,Green,en,"{""swatch"":""#3f7d3a""}"
color,Light Khaki,Vert,fr-FR,"{""swatch"":""#3f7d3a""}"
color,Light Khaki,그린,ko-KR,"{""swatch"":""#3f7d3a""}"
color,Lime Yellow,Yellow,en,"{""swatch"":""#f2c200""}"
color,Lime Yellow,Jaune,fr-FR,"{""swatch"":""#f2c200""}"
color,Lime Yellow,옐로우,ko-KR,"{""swatch"":""#f2c200""}"
color,Linen,Beige,en,"{""swatch"":""#d9c6a5""}"
color,Linen,Beige,fr-FR,"{""swatch"":""#d9c6a5""}"
color,Linen,베이지,ko-KR,"{""swatch"":""#d9c6a5""}"
color,Lunar Beige,Beige,en,"{""swatch"":""#d9c6a5""}"
color,Lunar Beige,Beige,fr-FR,"{""swatch"":""#d9c6a5""}"
color,Lunar Beige,베이지,ko-KR,"{""swatch"":""#d9c6a5""}"
color,Lunar Gray,Gray,en,"{""swatch"":""#808080""}"
color,Lunar Gray,Gris,fr-FR,"{""swatch"":""#808080""}"
color,Lunar Gray,그레이,ko-KR,"{""swatch"":""#808080""}"
color,Magnolia,White,en,"{""swatch"":""#f5f5f5""}"
color,Magnolia,Blanc,fr-FR,"{""swatch"":""#f5f5f5""}"
color,Magnolia,화이트,ko-KR,"{""swatch"":""#f5f5f5""}"
color,Mahogany,Brown,en,"{""swatch"":""#6b4423""}"
color,Mahogany,Marron,fr-FR,"{""swatch"":""#6b4423""}"
color,Mahogany,브라운,ko-KR,"{""swatch"":""#6b4423""}"
color,Mauve,Purple,en,"{""swatch"":""#7d3ca8""}"
color,Mauve,Violet,fr-FR,"{""swatch"":""#7d3ca8""}"
color,Mauve,퍼플,ko-KR,"{""swatch"":""#7d3ca8""}"
color,Midnight Blue,Blue,en,"{""swatch"":""#1f4e8c""}"
color,Midnight Blue,Bleu,fr-FR,"{""swatch"":""#1f4e8c""}"
color,Midnight Blue,블루,ko-KR,"{""swatch"":""#1f4e8c""}"
color,Mint Green,Green,en,"{""swatch"":""#3f7d3a""}"
color,Mint Green,Vert,fr-FR,"{""swatch"":""#3f7d3a""}"
color,Mint Green,그린,ko-KR,"{""swatch"":""#3f7d3a""}"
color,Navy Blue,Blue,en,"{""swatch"":""#1f4e8c""}"
color,Navy Blue,Bleu,fr-FR,"{""swatch"":""#1f4e8c""}"
color,Navy Blue,블루,ko-KR,"{""swatch"":""#1f4e8c""}"
color,No Dye,Unspecified,en,"{""swatch"":""#cccccc""}"
color,No Dye,Indéfini,fr-FR,"{""swatch"":""#cccccc""}"
color,No Dye,미지정,ko-KR,"{""swatch"":""#cccccc""}"
color,Ochre,Orange,en,"{""swatch"":""#e8730f""}"
color,Ochre,Orange,fr-FR,"{""swatch"":""#e8730f""}"
color,Ochre,오렌지,ko-KR,"{""swatch"":""#e8730f""}"
color,Olive Green,Green,en,"{""swatch"":""#3f7d3a""}"
color,Olive Green,Vert,fr-FR,"{""swatch"":""#3f7d3a""}"
color,Olive Green,그린,ko-KR,"{""swatch"":""#3f7d3a""}"
color,Pacific Blue,Blue,en,"{""swatch"":""#1f4e8c""}"
color,Pacific Blue,Bleu,fr-FR,"{""swatch"":""#1f4e8c""}"
color,Pacific Blue,블루,ko-KR,"{""swatch"":""#1f4e8c""}"
color,Pale Gray,Gray,en,"{""swatch"":""#808080""}"
color,Pale Gray,Gris,fr-FR,"{""swatch"":""#808080""}"
color,Pale Gray,그레이,ko-KR,"{""swatch"":""#808080""}"
color,Pale Lilac Purple,Purple,en,"{""swatch"":""#7d3ca8""}"
color,Pale Lilac Purple,Violet,fr-FR,"{""swatch"":""#7d3ca8""}"
color,Pale Lilac Purple,퍼플,ko-KR,"{""swatch"":""#7d3ca8""}"
color,Pale Mint,Green,en,"{""swatch"":""#3f7d3a""}"
color,Pale Mint,Vert,fr-FR,"{""swatch"":""#3f7d3a""}"
color,Pale Mint,그린,ko-KR,"{""swatch"":""#3f7d3a""}"
color,Pearl Beige,Beige,en,"{""swatch"":""#d9c6a5""}"
color,Pearl Beige,Beige,fr-FR,"{""swatch"":""#d9c6a5""}"
color,Pearl Beige,베이지,ko-KR,"{""swatch"":""#d9c6a5""}"
color,Pebble Gray,Gray,en,"{""swatch"":""#808080""}"
color,Pebble Gray,Gris,fr-FR,"{""swatch"":""#808080""}"
color,Pebble Gray,그레이,ko-KR,"{""swatch"":""#808080""}"
color,Petrol Blue,Blue,en,"{""swatch"":""#1f4e8c""}"
color,Petrol Blue,Bleu,fr-FR,"{""swatch"":""#1f4e8c""}"
color,Petrol Blue,블루,ko-KR,"{""swatch"":""#1f4e8c""}"
color,Pewter,Gray,en,"{""swatch"":""#808080""}"
color,Pewter,Gris,fr-FR,"{""swatch"":""#808080""}"
color,Pewter,그레이,ko-KR,"{""swatch"":""#808080""}"
color,Pink,Pink,en,"{""swatch"":""#e84d8a""}"
color,Pink,Rose,fr-FR,"{""swatch"":""#e84d8a""}"
color,Pink,핑크,ko-KR,"{""swatch"":""#e84d8a""}"
color,Prussian Blue,Blue,en,"{""swatch"":""#1f4e8c""}"
color,Prussian Blue,Bleu,fr-FR,"{""swatch"":""#1f4e8c""}"
color,Prussian Blue,블루,ko-KR,"{""swatch"":""#1f4e8c""}"
color,Purple,Purple,en,"{""swatch"":""#7d3ca8""}"
color,Purple,Violet,fr-FR,"{""swatch"":""#7d3ca8""}"
color,Purple,퍼플,ko-KR,"{""swatch"":""#7d3ca8""}"
color,Putty,Beige,en,"{""swatch"":""#d9c6a5""}"
color,Putty,Beige,fr-FR,"{""swatch"":""#d9c6a5""}"
color,Putty,베이지,ko-KR,"{""swatch"":""#d9c6a5""}"
color,Royal Blue,Blue,en,"{""swatch"":""#1f4e8c""}"
color,Royal Blue,Bleu,fr-FR,"{""swatch"":""#1f4e8c""}"
color,Royal Blue,블루,ko-KR,"{""swatch"":""#1f4e8c""}"
color,Sage,Green,en,"{""swatch"":""#3f7d3a""}"
color,Sage,Vert,fr-FR,"{""swatch"":""#3f7d3a""}"
color,Sage,그린,ko-KR,"{""swatch"":""#3f7d3a""}"
color,Sand,Beige,en,"{""swatch"":""#d9c6a5""}"
color,Sand,Beige,fr-FR,"{""swatch"":""#d9c6a5""}"
color,Sand,베이지,ko-KR,"{""swatch"":""#d9c6a5""}"
color,Silver,Gray,en,"{""swatch"":""#808080""}"
color,Silver,Gris,fr-FR,"{""swatch"":""#808080""}"
color,Silver,그레이,ko-KR,"{""swatch"":""#808080""}"
color,Slate Blue,Blue,en,"{""swatch"":""#1f4e8c""}"
color,Slate Blue,Bleu,fr-FR,"{""swatch"":""#1f4e8c""}"
color,Slate Blue,블루,ko-KR,"{""swatch"":""#1f4e8c""}"
color,Smoked Black,Black,en,"{""swatch"":""#1a1a1a""}"
color,Smoked Black,Noir,fr-FR,"{""swatch"":""#1a1a1a""}"
color,Smoked Black,블랙,ko-KR,"{""swatch"":""#1a1a1a""}"
color,Snowy White,White,en,"{""swatch"":""#f5f5f5""}"
color,Snowy White,Blanc,fr-FR,"{""swatch"":""#f5f5f5""}"
color,Snowy White,화이트,ko-KR,"{""swatch"":""#f5f5f5""}"
color,Steel Blue,Blue,en,"{""swatch"":""#1f4e8c""}"
color,Steel Blue,Bleu,fr-FR,"{""swatch"":""#1f4e8c""}"
color,Steel Blue,블루,ko-KR,"{""swatch"":""#1f4e8c""}"
color,Steel Gray,Gray,en,"{""swatch"":""#808080""}"
color,Steel Gray,Gris,fr-FR,"{""swatch"":""#808080""}"
color,Steel Gray,그레이,ko-KR,"{""swatch"":""#808080""}"
color,Storm Gray,Gray,en,"{""swatch"":""#808080""}"
color,Storm Gray,Gris,fr-FR,"{""swatch"":""#808080""}"
color,Storm Gray,그레이,ko-KR,"{""swatch"":""#808080""}"
color,Storm Grey,Gray,en,"{""swatch"":""#808080""}"
color,Storm Grey,Gris,fr-FR,"{""swatch"":""#808080""}"
color,Storm Grey,그레이,ko-KR,"{""swatch"":""#808080""}"
color,Strawberry Pink,Pink,en,"{""swatch"":""#e84d8a""}"
color,Strawberry Pink,Rose,fr-FR,"{""swatch"":""#e84d8a""}"
color,Strawberry Pink,핑크,ko-KR,"{""swatch"":""#e84d8a""}"
color,Sun Gold,Yellow,en,"{""swatch"":""#f2c200""}"
color,Sun Gold,Jaune,fr-FR,"{""swatch"":""#f2c200""}"
color,Sun Gold,옐로우,ko-KR,"{""swatch"":""#f2c200""}"
color,Sweet Pink,Pink,en,"{""swatch"":""#e84d8a""}"
color,Sweet Pink,Rose,fr-FR,"{""swatch"":""#e84d8a""}"
color,Sweet Pink,핑크,ko-KR,"{""swatch"":""#e84d8a""}"
color,Sweet Purple,Purple,en,"{""swatch"":""#7d3ca8""}"
color,Sweet Purple,Violet,fr-FR,"{""swatch"":""#7d3ca8""}"
color,Sweet Purple,퍼플,ko-KR,"{""swatch"":""#7d3ca8""}"
color,Teal Blue,Blue,en,"{""swatch"":""#1f4e8c""}"
color,Teal Blue,Bleu,fr-FR,"{""swatch"":""#1f4e8c""}"
color,Teal Blue,블루,ko-KR,"{""swatch"":""#1f4e8c""}"
color,Teal Green,Green,en,"{""swatch"":""#3f7d3a""}"
color,Teal Green,Vert,fr-FR,"{""swatch"":""#3f7d3a""}"
color,Teal Green,그린,ko-KR,"{""swatch"":""#3f7d3a""}"
color,Team Edition Legacy,Unspecified,en,"{""swatch"":""#cccccc""}"
color,Team Edition Legacy,Indéfini,fr-FR,"{""swatch"":""#cccccc""}"
color,Team Edition Legacy,미지정,ko-KR,"{""swatch"":""#cccccc""}"
color,Tropical Lime,Green,en,"{""swatch"":""#3f7d3a""}"
color,Tropical Lime,Vert,fr-FR,"{""swatch"":""#3f7d3a""}"
color,Tropical Lime,그린,ko-KR,"{""swatch"":""#3f7d3a""}"
color,Turquoise,Turquoise,en,"{""swatch"":""#10b3b3""}"
color,Turquoise,Turquoise,fr-FR,"{""swatch"":""#10b3b3""}"
color,Turquoise,청록,ko-KR,"{""swatch"":""#10b3b3""}"
color,Ultra Black,Black,en,"{""swatch"":""#1a1a1a""}"
color,Ultra Black,Noir,fr-FR,"{""swatch"":""#1a1a1a""}"
color,Ultra Black,블랙,ko-KR,"{""swatch"":""#1a1a1a""}"
color,Unspecified,Unspecified,en,"{""swatch"":""#cccccc""}"
color,Unspecified,Indéfini,fr-FR,"{""swatch"":""#cccccc""}"
color,Unspecified,미지정,ko-KR,"{""swatch"":""#cccccc""}"
color,Verdigris,Turquoise,en,"{""swatch"":""#10b3b3""}"
color,Verdigris,Turquoise,fr-FR,"{""swatch"":""#10b3b3""}"
color,Verdigris,청록,ko-KR,"{""swatch"":""#10b3b3""}"
color,Vermilion,Red,en,"{""swatch"":""#c0392b""}"
color,Vermilion,Rouge,fr-FR,"{""swatch"":""#c0392b""}"
color,Vermilion,레드,ko-KR,"{""swatch"":""#c0392b""}"
color,White,White,en,"{""swatch"":""#f5f5f5""}"
color,White,Blanc,fr-FR,"{""swatch"":""#f5f5f5""}"
color,White,화이트,ko-KR,"{""swatch"":""#f5f5f5""}"
color,White Orange,White,en,"{""swatch"":""#f5f5f5""}"
color,White Orange,Blanc,fr-FR,"{""swatch"":""#f5f5f5""}"
color,White Orange,화이트,ko-KR,"{""swatch"":""#f5f5f5""}"
color,White Pink,White,en,"{""swatch"":""#f5f5f5""}"
color,White Pink,Blanc,fr-FR,"{""swatch"":""#f5f5f5""}"
color,White Pink,화이트,ko-KR,"{""swatch"":""#f5f5f5""}"
color,Yellow,Yellow,en,"{""swatch"":""#f2c200""}"
color,Yellow,Jaune,fr-FR,"{""swatch"":""#f2c200""}"
color,Yellow,옐로우,ko-KR,"{""swatch"":""#f2c200""}"
color,Yellow Ochre,Yellow,en,"{""swatch"":""#f2c200""}"
color,Yellow Ochre,Jaune,fr-FR,"{""swatch"":""#f2c200""}"
color,Yellow Ochre,옐로우,ko-KR,"{""swatch"":""#f2c200""}"
color,Yellow green,Green,en,"{""swatch"":""#3f7d3a""}"
color,Yellow green,Vert,fr-FR,"{""swatch"":""#3f7d3a""}"
color,Yellow green,그린,ko-KR,"{""swatch"":""#3f7d3a""}"
color,Zinc Gray,Gray,en,"{""swatch"":""#808080""}"
color,Zinc Gray,Gris,fr-FR,"{""swatch"":""#808080""}"
color,Zinc Gray,그레이,ko-KR,"{""swatch"":""#808080""}"
